,Loss,S1,S2,S2_Call,S1_Call,S2_Put,S1_Put,Date,Symbol
76,-5479.0,150.0,177.5,0.005,-14.7,-12.6,0.005,2023-04-14,AAPL
142,-5479.0,150.0,177.5,0.005,-14.7,-12.6,0.005,2023-04-21,AAPL
10,-5479.0,150.0,177.5,0.005,-14.7,-12.6,0.005,2023-04-06,AAPL
208,-5479.0,150.0,177.5,0.005,-14.7,-12.6,0.005,2023-04-28,AAPL
207,-5011.499999999999,150.0,175.0,0.005,-14.7,-10.425,0.005,2023-04-28,AAPL
9,-5011.499999999999,150.0,175.0,0.005,-14.7,-10.425,0.005,2023-04-06,AAPL
141,-5011.499999999999,150.0,175.0,0.005,-14.7,-10.425,0.005,2023-04-21,AAPL
75,-5011.499999999999,150.0,175.0,0.005,-14.7,-10.425,0.005,2023-04-14,AAPL
218,-4976.5,152.5,177.5,0.005,-12.175,-12.6,0.005,2023-04-28,AAPL
86,-4976.5,152.5,177.5,0.005,-12.175,-12.6,0.005,2023-04-14,AAPL
152,-4976.5,152.5,177.5,0.005,-12.175,-12.6,0.005,2023-04-21,AAPL
20,-4976.5,152.5,177.5,0.005,-12.175,-12.6,0.005,2023-04-06,AAPL
161,-4511.499999999999,155.0,177.5,0.005,-10.024999999999999,-12.6,0.005,2023-04-21,AAPL
29,-4511.499999999999,155.0,177.5,0.005,-10.024999999999999,-12.6,0.005,2023-04-06,AAPL
95,-4511.499999999999,155.0,177.5,0.005,-10.024999999999999,-12.6,0.005,2023-04-14,AAPL
227,-4511.499999999999,155.0,177.5,0.005,-10.024999999999999,-12.6,0.005,2023-04-28,AAPL
85,-4509.0,152.5,175.0,0.005,-12.175,-10.425,0.005,2023-04-14,AAPL
151,-4509.0,152.5,175.0,0.005,-12.175,-10.425,0.005,2023-04-21,AAPL
19,-4509.0,152.5,175.0,0.005,-12.175,-10.425,0.005,2023-04-06,AAPL
217,-4509.0,152.5,175.0,0.005,-12.175,-10.425,0.005,2023-04-28,AAPL
206,-4469.0,150.0,172.5,0.005,-14.7,-7.5,0.005,2023-04-28,AAPL
74,-4469.0,150.0,172.5,0.005,-14.7,-7.5,0.005,2023-04-14,AAPL
140,-4469.0,150.0,172.5,0.005,-14.7,-7.5,0.005,2023-04-21,AAPL
8,-4469.0,150.0,172.5,0.005,-14.7,-7.5,0.005,2023-04-06,AAPL
160,-4044.0,155.0,175.0,0.005,-10.024999999999999,-10.425,0.005,2023-04-21,AAPL
94,-4044.0,155.0,175.0,0.005,-10.024999999999999,-10.425,0.005,2023-04-14,AAPL
28,-4044.0,155.0,175.0,0.005,-10.024999999999999,-10.425,0.005,2023-04-06,AAPL
226,-4044.0,155.0,175.0,0.005,-10.024999999999999,-10.425,0.005,2023-04-28,AAPL
205,-4039.0,150.0,170.0,0.005,-14.7,-5.7,0.005,2023-04-28,AAPL
73,-4039.0,150.0,170.0,0.005,-14.7,-5.7,0.005,2023-04-14,AAPL
7,-4039.0,150.0,170.0,0.005,-14.7,-5.7,0.005,2023-04-06,AAPL
139,-4039.0,150.0,170.0,0.005,-14.7,-5.7,0.005,2023-04-21,AAPL
37,-4006.5,157.5,177.5,0.005,-7.475,-12.6,0.005,2023-04-06,AAPL
169,-4006.5,157.5,177.5,0.005,-7.475,-12.6,0.005,2023-04-21,AAPL
103,-4006.5,157.5,177.5,0.005,-7.475,-12.6,0.005,2023-04-14,AAPL
235,-4006.5,157.5,177.5,0.005,-7.475,-12.6,0.005,2023-04-28,AAPL
216,-3966.5000000000005,152.5,172.5,0.005,-12.175,-7.5,0.005,2023-04-28,AAPL
18,-3966.5000000000005,152.5,172.5,0.005,-12.175,-7.5,0.005,2023-04-06,AAPL
84,-3966.5000000000005,152.5,172.5,0.005,-12.175,-7.5,0.005,2023-04-14,AAPL
150,-3966.5000000000005,152.5,172.5,0.005,-12.175,-7.5,0.005,2023-04-21,AAPL
138,-3565.9999999999995,150.0,167.5,0.005,-14.7,-3.4699999999999998,0.005,2023-04-21,AAPL
6,-3565.9999999999995,150.0,167.5,0.005,-14.7,-3.4699999999999998,0.005,2023-04-06,AAPL
72,-3565.9999999999995,150.0,167.5,0.005,-14.7,-3.4699999999999998,0.005,2023-04-14,AAPL
204,-3565.9999999999995,150.0,167.5,0.005,-14.7,-3.4699999999999998,0.005,2023-04-28,AAPL
168,-3539.0,157.5,175.0,0.005,-7.475,-10.425,0.005,2023-04-21,AAPL
234,-3539.0,157.5,175.0,0.005,-7.475,-10.425,0.005,2023-04-28,AAPL
102,-3539.0,157.5,175.0,0.005,-7.475,-10.425,0.005,2023-04-14,AAPL
36,-3539.0,157.5,175.0,0.005,-7.475,-10.425,0.005,2023-04-06,AAPL
17,-3536.5,152.5,170.0,0.005,-12.175,-5.7,0.005,2023-04-06,AAPL
83,-3536.5,152.5,170.0,0.005,-12.175,-5.7,0.005,2023-04-14,AAPL
215,-3536.5,152.5,170.0,0.005,-12.175,-5.7,0.005,2023-04-28,AAPL
149,-3536.5,152.5,170.0,0.005,-12.175,-5.7,0.005,2023-04-21,AAPL
159,-3501.5,155.0,172.5,0.005,-10.024999999999999,-7.5,0.005,2023-04-21,AAPL
93,-3501.5,155.0,172.5,0.005,-10.024999999999999,-7.5,0.005,2023-04-14,AAPL
225,-3501.5,155.0,172.5,0.005,-10.024999999999999,-7.5,0.005,2023-04-28,AAPL
27,-3501.5,155.0,172.5,0.005,-10.024999999999999,-7.5,0.005,2023-04-06,AAPL
176,-3451.5,160.0,177.5,0.005,-4.425000000000001,-12.6,0.005,2023-04-21,AAPL
110,-3451.5,160.0,177.5,0.005,-4.425000000000001,-12.6,0.005,2023-04-14,AAPL
44,-3451.5,160.0,177.5,0.005,-4.425000000000001,-12.6,0.005,2023-04-06,AAPL
242,-3451.5,160.0,177.5,0.005,-4.425000000000001,-12.6,0.005,2023-04-28,AAPL
158,-3071.4999999999995,155.0,170.0,0.005,-10.024999999999999,-5.7,0.005,2023-04-21,AAPL
92,-3071.4999999999995,155.0,170.0,0.005,-10.024999999999999,-5.7,0.005,2023-04-14,AAPL
26,-3071.4999999999995,155.0,170.0,0.005,-10.024999999999999,-5.7,0.005,2023-04-06,AAPL
224,-3071.4999999999995,155.0,170.0,0.005,-10.024999999999999,-5.7,0.005,2023-04-28,AAPL
214,-3063.5,152.5,167.5,0.005,-12.175,-3.4699999999999998,0.005,2023-04-28,AAPL
82,-3063.5,152.5,167.5,0.005,-12.175,-3.4699999999999998,0.005,2023-04-14,AAPL
16,-3063.5,152.5,167.5,0.005,-12.175,-3.4699999999999998,0.005,2023-04-06,AAPL
148,-3063.5,152.5,167.5,0.005,-12.175,-3.4699999999999998,0.005,2023-04-21,AAPL
203,-3015.0,150.0,165.0,0.005,-14.7,-0.45999999999999996,0.005,2023-04-28,AAPL
71,-3015.0,150.0,165.0,0.005,-14.7,-0.45999999999999996,0.005,2023-04-14,AAPL
5,-3015.0,150.0,165.0,0.005,-14.7,-0.45999999999999996,0.005,2023-04-06,AAPL
137,-3015.0,150.0,165.0,0.005,-14.7,-0.45999999999999996,0.005,2023-04-21,AAPL
35,-2996.4999999999995,157.5,172.5,0.005,-7.475,-7.5,0.005,2023-04-06,AAPL
101,-2996.4999999999995,157.5,172.5,0.005,-7.475,-7.5,0.005,2023-04-14,AAPL
167,-2996.4999999999995,157.5,172.5,0.005,-7.475,-7.5,0.005,2023-04-21,AAPL
233,-2996.4999999999995,157.5,172.5,0.005,-7.475,-7.5,0.005,2023-04-28,AAPL
241,-2984.0000000000005,160.0,175.0,0.005,-4.425000000000001,-10.425,0.005,2023-04-28,AAPL
175,-2984.0000000000005,160.0,175.0,0.005,-4.425000000000001,-10.425,0.005,2023-04-21,AAPL
43,-2984.0000000000005,160.0,175.0,0.005,-4.425000000000001,-10.425,0.005,2023-04-06,AAPL
109,-2984.0000000000005,160.0,175.0,0.005,-4.425000000000001,-10.425,0.005,2023-04-14,AAPL
116,-2968.5,162.5,177.5,0.005,-2.095,-12.6,0.005,2023-04-14,AAPL
182,-2968.5,162.5,177.5,0.005,-2.095,-12.6,0.005,2023-04-21,AAPL
248,-2968.5,162.5,177.5,0.005,-2.095,-12.6,0.005,2023-04-28,AAPL
50,-2968.5,162.5,177.5,0.005,-2.095,-12.6,0.005,2023-04-06,AAPL
25,-2598.5,155.0,167.5,0.005,-10.024999999999999,-3.4699999999999998,0.005,2023-04-06,AAPL
223,-2598.5,155.0,167.5,0.005,-10.024999999999999,-3.4699999999999998,0.005,2023-04-28,AAPL
157,-2598.5,155.0,167.5,0.005,-10.024999999999999,-3.4699999999999998,0.005,2023-04-21,AAPL
91,-2598.5,155.0,167.5,0.005,-10.024999999999999,-3.4699999999999998,0.005,2023-04-14,AAPL
100,-2566.5,157.5,170.0,0.005,-7.475,-5.7,0.005,2023-04-14,AAPL
34,-2566.5,157.5,170.0,0.005,-7.475,-5.7,0.005,2023-04-06,AAPL
232,-2566.5,157.5,170.0,0.005,-7.475,-5.7,0.005,2023-04-28,AAPL
166,-2566.5,157.5,170.0,0.005,-7.475,-5.7,0.005,2023-04-21,AAPL
15,-2512.5,152.5,165.0,0.005,-12.175,-0.45999999999999996,0.005,2023-04-06,AAPL
147,-2512.5,152.5,165.0,0.005,-12.175,-0.45999999999999996,0.005,2023-04-21,AAPL
81,-2512.5,152.5,165.0,0.005,-12.175,-0.45999999999999996,0.005,2023-04-14,AAPL
213,-2512.5,152.5,165.0,0.005,-12.175,-0.45999999999999996,0.005,2023-04-28,AAPL
70,-2510.4999999999995,150.0,162.5,2.095,-14.7,-0.005,0.005,2023-04-14,AAPL
136,-2510.4999999999995,150.0,162.5,2.095,-14.7,-0.005,0.005,2023-04-21,AAPL
4,-2510.4999999999995,150.0,162.5,2.095,-14.7,-0.005,0.005,2023-04-06,AAPL
202,-2510.4999999999995,150.0,162.5,2.095,-14.7,-0.005,0.005,2023-04-28,AAPL
247,-2501.0,162.5,175.0,0.005,-2.095,-10.425,0.005,2023-04-28,AAPL
181,-2501.0,162.5,175.0,0.005,-2.095,-10.425,0.005,2023-04-21,AAPL
49,-2501.0,162.5,175.0,0.005,-2.095,-10.425,0.005,2023-04-06,AAPL
115,-2501.0,162.5,175.0,0.005,-2.095,-10.425,0.005,2023-04-14,AAPL
121,-2464.0,165.0,177.5,0.005,-0.005,-12.6,0.45999999999999996,2023-04-14,AAPL
187,-2464.0,165.0,177.5,0.005,-0.005,-12.6,0.45999999999999996,2023-04-21,AAPL
55,-2464.0,165.0,177.5,0.005,-0.005,-12.6,0.45999999999999996,2023-04-06,AAPL
253,-2464.0,165.0,177.5,0.005,-0.005,-12.6,0.45999999999999996,2023-04-28,AAPL
174,-2441.5,160.0,172.5,0.005,-4.425000000000001,-7.5,0.005,2023-04-21,AAPL
108,-2441.5,160.0,172.5,0.005,-4.425000000000001,-7.5,0.005,2023-04-14,AAPL
240,-2441.5,160.0,172.5,0.005,-4.425000000000001,-7.5,0.005,2023-04-28,AAPL
42,-2441.5,160.0,172.5,0.005,-4.425000000000001,-7.5,0.005,2023-04-06,AAPL
340,-2233.9999999999995,103.0,114.0,0.005,-5.8,-5.55,0.005,2023-04-14,GOOGL
274,-2233.9999999999995,103.0,114.0,0.005,-5.8,-5.55,0.005,2023-04-06,GOOGL
406,-2233.9999999999995,103.0,114.0,0.005,-5.8,-5.55,0.005,2023-04-21,GOOGL
472,-2233.9999999999995,103.0,114.0,0.005,-5.8,-5.55,0.005,2023-04-28,GOOGL
802,-2201.5,87.0,98.0,0.005,-5.475,-5.550000000000001,0.005,2023-04-06,AMD
868,-2201.5,87.0,98.0,0.005,-5.475,-5.550000000000001,0.005,2023-04-14,AMD
1000,-2201.5,87.0,98.0,0.005,-5.475,-5.550000000000001,0.005,2023-04-28,AMD
934,-2201.5,87.0,98.0,0.005,-5.475,-5.550000000000001,0.005,2023-04-21,AMD
736,-2199.0,97.0,108.0,0.005,-5.025,-5.975,0.005,2023-04-28,AMZN
670,-2199.0,97.0,108.0,0.005,-5.025,-5.975,0.005,2023-04-21,AMZN
538,-2199.0,97.0,108.0,0.005,-5.025,-5.975,0.005,2023-04-06,AMZN
604,-2199.0,97.0,108.0,0.005,-5.025,-5.975,0.005,2023-04-14,AMZN
165,-2093.5,157.5,167.5,0.005,-7.475,-3.4699999999999998,0.005,2023-04-21,AAPL
231,-2093.5,157.5,167.5,0.005,-7.475,-3.4699999999999998,0.005,2023-04-28,AAPL
99,-2093.5,157.5,167.5,0.005,-7.475,-3.4699999999999998,0.005,2023-04-14,AAPL
33,-2093.5,157.5,167.5,0.005,-7.475,-3.4699999999999998,0.005,2023-04-06,AAPL
222,-2047.4999999999995,155.0,165.0,0.005,-10.024999999999999,-0.45999999999999996,0.005,2023-04-28,AAPL
24,-2047.4999999999995,155.0,165.0,0.005,-10.024999999999999,-0.45999999999999996,0.005,2023-04-06,AAPL
90,-2047.4999999999995,155.0,165.0,0.005,-10.024999999999999,-0.45999999999999996,0.005,2023-04-14,AAPL
156,-2047.4999999999995,155.0,165.0,0.005,-10.024999999999999,-0.45999999999999996,0.005,2023-04-21,AAPL
201,-2027.4999999999998,150.0,160.0,4.425000000000001,-14.7,-0.005,0.005,2023-04-28,AAPL
3,-2027.4999999999998,150.0,160.0,4.425000000000001,-14.7,-0.005,0.005,2023-04-06,AAPL
69,-2027.4999999999998,150.0,160.0,4.425000000000001,-14.7,-0.005,0.005,2023-04-14,AAPL
135,-2027.4999999999998,150.0,160.0,4.425000000000001,-14.7,-0.005,0.005,2023-04-21,AAPL
239,-2011.5000000000002,160.0,170.0,0.005,-4.425000000000001,-5.7,0.005,2023-04-28,AAPL
41,-2011.5000000000002,160.0,170.0,0.005,-4.425000000000001,-5.7,0.005,2023-04-06,AAPL
173,-2011.5000000000002,160.0,170.0,0.005,-4.425000000000001,-5.7,0.005,2023-04-21,AAPL
107,-2011.5000000000002,160.0,170.0,0.005,-4.425000000000001,-5.7,0.005,2023-04-14,AAPL
146,-2007.9999999999998,152.5,162.5,2.095,-12.175,-0.005,0.005,2023-04-21,AAPL
212,-2007.9999999999998,152.5,162.5,2.095,-12.175,-0.005,0.005,2023-04-28,AAPL
14,-2007.9999999999998,152.5,162.5,2.095,-12.175,-0.005,0.005,2023-04-06,AAPL
80,-2007.9999999999998,152.5,162.5,2.095,-12.175,-0.005,0.005,2023-04-14,AAPL
746,-2004.0,98.0,108.0,0.005,-4.075,-5.975,0.005,2023-04-28,AMZN
614,-2004.0,98.0,108.0,0.005,-4.075,-5.975,0.005,2023-04-14,AMZN
548,-2004.0,98.0,108.0,0.005,-4.075,-5.975,0.005,2023-04-06,AMZN
680,-2004.0,98.0,108.0,0.005,-4.075,-5.975,0.005,2023-04-21,AMZN
878,-2001.5,88.0,98.0,0.005,-4.475,-5.550000000000001,0.005,2023-04-14,AMD
812,-2001.5,88.0,98.0,0.005,-4.475,-5.550000000000001,0.005,2023-04-06,AMD
801,-2001.5,87.0,97.0,0.005,-5.475,-4.550000000000001,0.005,2023-04-06,AMD
933,-2001.5,87.0,97.0,0.005,-5.475,-4.550000000000001,0.005,2023-04-21,AMD
1010,-2001.5,88.0,98.0,0.005,-4.475,-5.550000000000001,0.005,2023-04-28,AMD
944,-2001.5,88.0,98.0,0.005,-4.475,-5.550000000000001,0.005,2023-04-21,AMD
999,-2001.5,87.0,97.0,0.005,-5.475,-4.550000000000001,0.005,2023-04-28,AMD
867,-2001.5,87.0,97.0,0.005,-5.475,-4.550000000000001,0.005,2023-04-14,AMD
339,-2000.0,103.0,113.0,0.005,-5.8,-4.21,0.005,2023-04-14,GOOGL
405,-2000.0,103.0,113.0,0.005,-5.8,-4.21,0.005,2023-04-21,GOOGL
273,-2000.0,103.0,113.0,0.005,-5.8,-4.21,0.005,2023-04-06,GOOGL
471,-2000.0,103.0,113.0,0.005,-5.8,-4.21,0.005,2023-04-28,GOOGL
603,-1999.0000000000002,97.0,107.0,0.005,-5.025,-4.975,0.005,2023-04-14,AMZN
537,-1999.0000000000002,97.0,107.0,0.005,-5.025,-4.975,0.005,2023-04-06,AMZN
669,-1999.0000000000002,97.0,107.0,0.005,-5.025,-4.975,0.005,2023-04-21,AMZN
735,-1999.0000000000002,97.0,107.0,0.005,-5.025,-4.975,0.005,2023-04-28,AMZN
186,-1996.5,165.0,175.0,0.005,-0.005,-10.425,0.45999999999999996,2023-04-21,AAPL
252,-1996.5,165.0,175.0,0.005,-0.005,-10.425,0.45999999999999996,2023-04-28,AAPL
120,-1996.5,165.0,175.0,0.005,-0.005,-10.425,0.45999999999999996,2023-04-14,AAPL
54,-1996.5,165.0,175.0,0.005,-0.005,-10.425,0.45999999999999996,2023-04-06,AAPL
350,-1979.0,104.0,114.0,0.005,-4.25,-5.55,0.005,2023-04-14,GOOGL
482,-1979.0,104.0,114.0,0.005,-4.25,-5.55,0.005,2023-04-28,GOOGL
416,-1979.0,104.0,114.0,0.005,-4.25,-5.55,0.005,2023-04-21,GOOGL
284,-1979.0,104.0,114.0,0.005,-4.25,-5.55,0.005,2023-04-06,GOOGL
114,-1958.5,162.5,172.5,0.005,-2.095,-7.5,0.005,2023-04-14,AAPL
48,-1958.5,162.5,172.5,0.005,-2.095,-7.5,0.005,2023-04-06,AAPL
180,-1958.5,162.5,172.5,0.005,-2.095,-7.5,0.005,2023-04-21,AAPL
246,-1958.5,162.5,172.5,0.005,-2.095,-7.5,0.005,2023-04-28,AAPL
59,-1913.0,167.5,177.5,0.005,-0.005,-12.6,3.4699999999999998,2023-04-06,AAPL
191,-1913.0,167.5,177.5,0.005,-0.005,-12.6,3.4699999999999998,2023-04-21,AAPL
125,-1913.0,167.5,177.5,0.005,-0.005,-12.6,3.4699999999999998,2023-04-14,AAPL
257,-1913.0,167.5,177.5,0.005,-0.005,-12.6,3.4699999999999998,2023-04-28,AAPL
359,-1809.5,105.0,114.0,0.005,-3.555,-5.55,0.005,2023-04-14,GOOGL
491,-1809.5,105.0,114.0,0.005,-3.555,-5.55,0.005,2023-04-28,GOOGL
425,-1809.5,105.0,114.0,0.005,-3.555,-5.55,0.005,2023-04-21,GOOGL
293,-1809.5,105.0,114.0,0.005,-3.555,-5.55,0.005,2023-04-06,GOOGL
404,-1804.9999999999998,103.0,112.0,0.005,-5.8,-3.2600000000000002,0.005,2023-04-21,GOOGL
272,-1804.9999999999998,103.0,112.0,0.005,-5.8,-3.2600000000000002,0.005,2023-04-06,GOOGL
470,-1804.9999999999998,103.0,112.0,0.005,-5.8,-3.2600000000000002,0.005,2023-04-28,GOOGL
338,-1804.9999999999998,103.0,112.0,0.005,-5.8,-3.2600000000000002,0.005,2023-04-14,GOOGL
547,-1804.0,98.0,107.0,0.005,-4.075,-4.975,0.005,2023-04-06,AMZN
613,-1804.0,98.0,107.0,0.005,-4.075,-4.975,0.005,2023-04-14,AMZN
679,-1804.0,98.0,107.0,0.005,-4.075,-4.975,0.005,2023-04-21,AMZN
745,-1804.0,98.0,107.0,0.005,-4.075,-4.975,0.005,2023-04-28,AMZN
800,-1801.5,87.0,96.0,0.005,-5.475,-3.55,0.005,2023-04-06,AMD
877,-1801.5,88.0,97.0,0.005,-4.475,-4.550000000000001,0.005,2023-04-14,AMD
943,-1801.5,88.0,97.0,0.005,-4.475,-4.550000000000001,0.005,2023-04-21,AMD
811,-1801.5,88.0,97.0,0.005,-4.475,-4.550000000000001,0.005,2023-04-06,AMD
866,-1801.5,87.0,96.0,0.005,-5.475,-3.55,0.005,2023-04-14,AMD
1019,-1801.5,89.0,98.0,0.005,-3.475,-5.550000000000001,0.005,2023-04-28,AMD
953,-1801.5,89.0,98.0,0.005,-3.475,-5.550000000000001,0.005,2023-04-21,AMD
821,-1801.5,89.0,98.0,0.005,-3.475,-5.550000000000001,0.005,2023-04-06,AMD
932,-1801.5,87.0,96.0,0.005,-5.475,-3.55,0.005,2023-04-21,AMD
998,-1801.5,87.0,96.0,0.005,-5.475,-3.55,0.005,2023-04-28,AMD
887,-1801.5,89.0,98.0,0.005,-3.475,-5.550000000000001,0.005,2023-04-14,AMD
1009,-1801.5,88.0,97.0,0.005,-4.475,-4.550000000000001,0.005,2023-04-28,AMD
689,-1797.9999999999998,99.0,108.0,0.005,-3.015,-5.975,0.005,2023-04-21,AMZN
557,-1797.9999999999998,99.0,108.0,0.005,-3.015,-5.975,0.005,2023-04-06,AMZN
755,-1797.9999999999998,99.0,108.0,0.005,-3.015,-5.975,0.005,2023-04-28,AMZN
623,-1797.9999999999998,99.0,108.0,0.005,-3.015,-5.975,0.005,2023-04-14,AMZN
602,-1796.5,97.0,106.0,0.005,-5.025,-3.9499999999999997,0.005,2023-04-14,AMZN
734,-1796.5,97.0,106.0,0.005,-5.025,-3.9499999999999997,0.005,2023-04-28,AMZN
536,-1796.5,97.0,106.0,0.005,-5.025,-3.9499999999999997,0.005,2023-04-06,AMZN
668,-1796.5,97.0,106.0,0.005,-5.025,-3.9499999999999997,0.005,2023-04-21,AMZN
415,-1745.0,104.0,113.0,0.005,-4.25,-4.21,0.005,2023-04-21,GOOGL
349,-1745.0,104.0,113.0,0.005,-4.25,-4.21,0.005,2023-04-14,GOOGL
283,-1745.0,104.0,113.0,0.005,-4.25,-4.21,0.005,2023-04-06,GOOGL
481,-1745.0,104.0,113.0,0.005,-4.25,-4.21,0.005,2023-04-28,GOOGL
469,-1668.9999999999998,103.0,111.0,0.005,-5.8,-2.9000000000000004,0.005,2023-04-28,GOOGL
337,-1668.9999999999998,103.0,111.0,0.005,-5.8,-2.9000000000000004,0.005,2023-04-14,GOOGL
271,-1668.9999999999998,103.0,111.0,0.005,-5.8,-2.9000000000000004,0.005,2023-04-06,GOOGL
403,-1668.9999999999998,103.0,111.0,0.005,-5.8,-2.9000000000000004,0.005,2023-04-21,GOOGL
433,-1605.5,106.0,114.0,0.005,-2.5149999999999997,-5.55,0.005,2023-04-21,GOOGL
499,-1605.5,106.0,114.0,0.005,-2.5149999999999997,-5.55,0.005,2023-04-28,GOOGL
367,-1605.5,106.0,114.0,0.005,-2.5149999999999997,-5.55,0.005,2023-04-14,GOOGL
301,-1605.5,106.0,114.0,0.005,-2.5149999999999997,-5.55,0.005,2023-04-06,GOOGL
565,-1601.5,100.0,108.0,0.005,-2.05,-5.975,0.005,2023-04-06,AMZN
820,-1601.5,89.0,97.0,0.005,-3.475,-4.550000000000001,0.005,2023-04-06,AMD
744,-1601.5,98.0,106.0,0.005,-4.075,-3.9499999999999997,0.005,2023-04-28,AMZN
829,-1601.5,90.0,98.0,0.005,-2.475,-5.550000000000001,0.005,2023-04-06,AMD
942,-1601.5,88.0,96.0,0.005,-4.475,-3.55,0.005,2023-04-21,AMD
1008,-1601.5,88.0,96.0,0.005,-4.475,-3.55,0.005,2023-04-28,AMD
952,-1601.5,89.0,97.0,0.005,-3.475,-4.550000000000001,0.005,2023-04-21,AMD
763,-1601.5,100.0,108.0,0.005,-2.05,-5.975,0.005,2023-04-28,AMZN
631,-1601.5,100.0,108.0,0.005,-2.05,-5.975,0.005,2023-04-14,AMZN
546,-1601.5,98.0,106.0,0.005,-4.075,-3.9499999999999997,0.005,2023-04-06,AMZN
1027,-1601.5,90.0,98.0,0.005,-2.475,-5.550000000000001,0.005,2023-04-28,AMD
1018,-1601.5,89.0,97.0,0.005,-3.475,-4.550000000000001,0.005,2023-04-28,AMD
810,-1601.5,88.0,96.0,0.005,-4.475,-3.55,0.005,2023-04-06,AMD
886,-1601.5,89.0,97.0,0.005,-3.475,-4.550000000000001,0.005,2023-04-14,AMD
895,-1601.5,90.0,98.0,0.005,-2.475,-5.550000000000001,0.005,2023-04-14,AMD
612,-1601.5,98.0,106.0,0.005,-4.075,-3.9499999999999997,0.005,2023-04-14,AMZN
697,-1601.5,100.0,108.0,0.005,-2.05,-5.975,0.005,2023-04-21,AMZN
876,-1601.5,88.0,96.0,0.005,-4.475,-3.55,0.005,2023-04-14,AMD
961,-1601.5,90.0,98.0,0.005,-2.475,-5.550000000000001,0.005,2023-04-21,AMD
678,-1601.5,98.0,106.0,0.005,-4.075,-3.9499999999999997,0.005,2023-04-21,AMZN
865,-1599.0,87.0,95.0,0.005,-5.475,-2.5250000000000004,0.005,2023-04-14,AMD
799,-1599.0,87.0,95.0,0.005,-5.475,-2.5250000000000004,0.005,2023-04-06,AMD
997,-1599.0,87.0,95.0,0.005,-5.475,-2.5250000000000004,0.005,2023-04-28,AMD
931,-1599.0,87.0,95.0,0.005,-5.475,-2.5250000000000004,0.005,2023-04-21,AMD
754,-1598.0,99.0,107.0,0.005,-3.015,-4.975,0.005,2023-04-28,AMZN
622,-1598.0,99.0,107.0,0.005,-3.015,-4.975,0.005,2023-04-14,AMZN
556,-1598.0,99.0,107.0,0.005,-3.015,-4.975,0.005,2023-04-06,AMZN
688,-1598.0,99.0,107.0,0.005,-3.015,-4.975,0.005,2023-04-21,AMZN
535,-1594.5,97.0,105.0,0.005,-5.025,-2.9299999999999997,0.005,2023-04-06,AMZN
601,-1594.5,97.0,105.0,0.005,-5.025,-2.9299999999999997,0.005,2023-04-14,AMZN
667,-1594.5,97.0,105.0,0.005,-5.025,-2.9299999999999997,0.005,2023-04-21,AMZN
733,-1594.5,97.0,105.0,0.005,-5.025,-2.9299999999999997,0.005,2023-04-28,AMZN
292,-1575.5,105.0,113.0,0.005,-3.555,-4.21,0.005,2023-04-06,GOOGL
490,-1575.5,105.0,113.0,0.005,-3.555,-4.21,0.005,2023-04-28,GOOGL
358,-1575.5,105.0,113.0,0.005,-3.555,-4.21,0.005,2023-04-14,GOOGL
424,-1575.5,105.0,113.0,0.005,-3.555,-4.21,0.005,2023-04-21,GOOGL
282,-1550.0,104.0,112.0,0.005,-4.25,-3.2600000000000002,0.005,2023-04-06,GOOGL
480,-1550.0,104.0,112.0,0.005,-4.25,-3.2600000000000002,0.005,2023-04-28,GOOGL
414,-1550.0,104.0,112.0,0.005,-4.25,-3.2600000000000002,0.005,2023-04-21,GOOGL
348,-1550.0,104.0,112.0,0.005,-4.25,-3.2600000000000002,0.005,2023-04-14,GOOGL
23,-1542.9999999999998,155.0,162.5,2.095,-10.024999999999999,-0.005,0.005,2023-04-06,AAPL
89,-1542.9999999999998,155.0,162.5,2.095,-10.024999999999999,-0.005,0.005,2023-04-14,AAPL
155,-1542.9999999999998,155.0,162.5,2.095,-10.024999999999999,-0.005,0.005,2023-04-21,AAPL
221,-1542.9999999999998,155.0,162.5,2.095,-10.024999999999999,-0.005,0.005,2023-04-28,AAPL
230,-1542.5,157.5,165.0,0.005,-7.475,-0.45999999999999996,0.005,2023-04-28,AAPL
98,-1542.5,157.5,165.0,0.005,-7.475,-0.45999999999999996,0.005,2023-04-14,AAPL
164,-1542.5,157.5,165.0,0.005,-7.475,-0.45999999999999996,0.005,2023-04-21,AAPL
32,-1542.5,157.5,165.0,0.005,-7.475,-0.45999999999999996,0.005,2023-04-06,AAPL
172,-1538.5000000000002,160.0,167.5,0.005,-4.425000000000001,-3.4699999999999998,0.005,2023-04-21,AAPL
238,-1538.5000000000002,160.0,167.5,0.005,-4.425000000000001,-3.4699999999999998,0.005,2023-04-28,AAPL
40,-1538.5000000000002,160.0,167.5,0.005,-4.425000000000001,-3.4699999999999998,0.005,2023-04-06,AAPL
106,-1538.5000000000002,160.0,167.5,0.005,-4.425000000000001,-3.4699999999999998,0.005,2023-04-14,AAPL
179,-1528.5,162.5,170.0,0.005,-2.095,-5.7,0.005,2023-04-21,AAPL
47,-1528.5,162.5,170.0,0.005,-2.095,-5.7,0.005,2023-04-06,AAPL
245,-1528.5,162.5,170.0,0.005,-2.095,-5.7,0.005,2023-04-28,AAPL
113,-1528.5,162.5,170.0,0.005,-2.095,-5.7,0.005,2023-04-14,AAPL
13,-1525.0,152.5,160.0,4.425000000000001,-12.175,-0.005,0.005,2023-04-06,AAPL
79,-1525.0,152.5,160.0,4.425000000000001,-12.175,-0.005,0.005,2023-04-14,AAPL
145,-1525.0,152.5,160.0,4.425000000000001,-12.175,-0.005,0.005,2023-04-21,AAPL
211,-1525.0,152.5,160.0,4.425000000000001,-12.175,-0.005,0.005,2023-04-28,AAPL
308,-1480.9999999999998,107.0,114.0,0.005,-2.27,-5.55,0.005,2023-04-06,GOOGL
506,-1480.9999999999998,107.0,114.0,0.005,-2.27,-5.55,0.005,2023-04-28,GOOGL
440,-1480.9999999999998,107.0,114.0,0.005,-2.27,-5.55,0.005,2023-04-21,GOOGL
374,-1480.9999999999998,107.0,114.0,0.005,-2.27,-5.55,0.005,2023-04-14,GOOGL
200,-1472.5,150.0,157.5,7.475,-14.7,-0.005,0.005,2023-04-28,AAPL
2,-1472.5,150.0,157.5,7.475,-14.7,-0.005,0.005,2023-04-06,AAPL
68,-1472.5,150.0,157.5,7.475,-14.7,-0.005,0.005,2023-04-14,AAPL
134,-1472.5,150.0,157.5,7.475,-14.7,-0.005,0.005,2023-04-21,AAPL
53,-1454.0,165.0,172.5,0.005,-0.005,-7.5,0.45999999999999996,2023-04-06,AAPL
119,-1454.0,165.0,172.5,0.005,-0.005,-7.5,0.45999999999999996,2023-04-14,AAPL
185,-1454.0,165.0,172.5,0.005,-0.005,-7.5,0.45999999999999996,2023-04-21,AAPL
251,-1454.0,165.0,172.5,0.005,-0.005,-7.5,0.45999999999999996,2023-04-28,AAPL
402,-1449.0,103.0,110.0,0.005,-5.8,-1.7000000000000002,0.005,2023-04-21,GOOGL
270,-1449.0,103.0,110.0,0.005,-5.8,-1.7000000000000002,0.005,2023-04-06,GOOGL
336,-1449.0,103.0,110.0,0.005,-5.8,-1.7000000000000002,0.005,2023-04-14,GOOGL
468,-1449.0,103.0,110.0,0.005,-5.8,-1.7000000000000002,0.005,2023-04-28,GOOGL
256,-1445.5000000000002,167.5,175.0,0.005,-0.005,-10.425,3.4699999999999998,2023-04-28,AAPL
190,-1445.5000000000002,167.5,175.0,0.005,-0.005,-10.425,3.4699999999999998,2023-04-21,AAPL
124,-1445.5000000000002,167.5,175.0,0.005,-0.005,-10.425,3.4699999999999998,2023-04-14,AAPL
58,-1445.5000000000002,167.5,175.0,0.005,-0.005,-10.425,3.4699999999999998,2023-04-06,AAPL
128,-1439.9999999999998,170.0,177.5,0.005,-0.005,-12.6,5.7,2023-04-14,AAPL
62,-1439.9999999999998,170.0,177.5,0.005,-0.005,-12.6,5.7,2023-04-06,AAPL
194,-1439.9999999999998,170.0,177.5,0.005,-0.005,-12.6,5.7,2023-04-21,AAPL
260,-1439.9999999999998,170.0,177.5,0.005,-0.005,-12.6,5.7,2023-04-28,AAPL
281,-1414.0,104.0,111.0,0.005,-4.25,-2.9000000000000004,0.005,2023-04-06,GOOGL
413,-1414.0,104.0,111.0,0.005,-4.25,-2.9000000000000004,0.005,2023-04-21,GOOGL
347,-1414.0,104.0,111.0,0.005,-4.25,-2.9000000000000004,0.005,2023-04-14,GOOGL
479,-1414.0,104.0,111.0,0.005,-4.25,-2.9000000000000004,0.005,2023-04-28,GOOGL
902,-1402.5000000000002,91.0,98.0,0.005,-1.4849999999999999,-5.550000000000001,0.005,2023-04-14,AMD
1034,-1402.5000000000002,91.0,98.0,0.005,-1.4849999999999999,-5.550000000000001,0.005,2023-04-28,AMD
836,-1402.5000000000002,91.0,98.0,0.005,-1.4849999999999999,-5.550000000000001,0.005,2023-04-06,AMD
968,-1402.5000000000002,91.0,98.0,0.005,-1.4849999999999999,-5.550000000000001,0.005,2023-04-21,AMD
630,-1401.5,100.0,107.0,0.005,-2.05,-4.975,0.005,2023-04-14,AMZN
1017,-1401.5,89.0,96.0,0.005,-3.475,-3.55,0.005,2023-04-28,AMD
960,-1401.5,90.0,97.0,0.005,-2.475,-4.550000000000001,0.005,2023-04-21,AMD
696,-1401.5,100.0,107.0,0.005,-2.05,-4.975,0.005,2023-04-21,AMZN
762,-1401.5,100.0,107.0,0.005,-2.05,-4.975,0.005,2023-04-28,AMZN
1026,-1401.5,90.0,97.0,0.005,-2.475,-4.550000000000001,0.005,2023-04-28,AMD
819,-1401.5,89.0,96.0,0.005,-3.475,-3.55,0.005,2023-04-06,AMD
564,-1401.5,100.0,107.0,0.005,-2.05,-4.975,0.005,2023-04-06,AMZN
828,-1401.5,90.0,97.0,0.005,-2.475,-4.550000000000001,0.005,2023-04-06,AMD
885,-1401.5,89.0,96.0,0.005,-3.475,-3.55,0.005,2023-04-14,AMD
894,-1401.5,90.0,97.0,0.005,-2.475,-4.550000000000001,0.005,2023-04-14,AMD
951,-1401.5,89.0,96.0,0.005,-3.475,-3.55,0.005,2023-04-21,AMD
930,-1400.0,87.0,94.0,0.005,-5.475,-1.535,0.005,2023-04-21,AMD
864,-1400.0,87.0,94.0,0.005,-5.475,-1.535,0.005,2023-04-14,AMD
996,-1400.0,87.0,94.0,0.005,-5.475,-1.535,0.005,2023-04-28,AMD
798,-1400.0,87.0,94.0,0.005,-5.475,-1.535,0.005,2023-04-06,AMD
545,-1399.5,98.0,105.0,0.005,-4.075,-2.9299999999999997,0.005,2023-04-06,AMZN
743,-1399.5,98.0,105.0,0.005,-4.075,-2.9299999999999997,0.005,2023-04-28,AMZN
611,-1399.5,98.0,105.0,0.005,-4.075,-2.9299999999999997,0.005,2023-04-14,AMZN
677,-1399.5,98.0,105.0,0.005,-4.075,-2.9299999999999997,0.005,2023-04-21,AMZN
809,-1399.0,88.0,95.0,0.005,-4.475,-2.5250000000000004,0.005,2023-04-06,AMD
1007,-1399.0,88.0,95.0,0.005,-4.475,-2.5250000000000004,0.005,2023-04-28,AMD
941,-1399.0,88.0,95.0,0.005,-4.475,-2.5250000000000004,0.005,2023-04-21,AMD
875,-1399.0,88.0,95.0,0.005,-4.475,-2.5250000000000004,0.005,2023-04-14,AMD
704,-1397.0,101.0,108.0,0.005,-1.0050000000000001,-5.975,0.005,2023-04-21,AMZN
638,-1397.0,101.0,108.0,0.005,-1.0050000000000001,-5.975,0.005,2023-04-14,AMZN
770,-1397.0,101.0,108.0,0.005,-1.0050000000000001,-5.975,0.005,2023-04-28,AMZN
572,-1397.0,101.0,108.0,0.005,-1.0050000000000001,-5.975,0.005,2023-04-06,AMZN
555,-1395.5,99.0,106.0,0.005,-3.015,-3.9499999999999997,0.005,2023-04-06,AMZN
687,-1395.5,99.0,106.0,0.005,-3.015,-3.9499999999999997,0.005,2023-04-21,AMZN
753,-1395.5,99.0,106.0,0.005,-3.015,-3.9499999999999997,0.005,2023-04-28,AMZN
621,-1395.5,99.0,106.0,0.005,-3.015,-3.9499999999999997,0.005,2023-04-14,AMZN
600,-1394.5,97.0,104.0,0.005,-5.025,-1.9300000000000002,0.005,2023-04-14,AMZN
732,-1394.5,97.0,104.0,0.005,-5.025,-1.9300000000000002,0.005,2023-04-28,AMZN
534,-1394.5,97.0,104.0,0.005,-5.025,-1.9300000000000002,0.005,2023-04-06,AMZN
666,-1394.5,97.0,104.0,0.005,-5.025,-1.9300000000000002,0.005,2023-04-21,AMZN
357,-1380.5,105.0,112.0,0.005,-3.555,-3.2600000000000002,0.005,2023-04-14,GOOGL
291,-1380.5,105.0,112.0,0.005,-3.555,-3.2600000000000002,0.005,2023-04-06,GOOGL
423,-1380.5,105.0,112.0,0.005,-3.555,-3.2600000000000002,0.005,2023-04-21,GOOGL
489,-1380.5,105.0,112.0,0.005,-3.555,-3.2600000000000002,0.005,2023-04-28,GOOGL
366,-1371.5,106.0,113.0,0.005,-2.5149999999999997,-4.21,0.005,2023-04-14,GOOGL
498,-1371.5,106.0,113.0,0.005,-2.5149999999999997,-4.21,0.005,2023-04-28,GOOGL
432,-1371.5,106.0,113.0,0.005,-2.5149999999999997,-4.21,0.005,2023-04-21,GOOGL
300,-1371.5,106.0,113.0,0.005,-2.5149999999999997,-4.21,0.005,2023-04-06,GOOGL
269,-1249.0,103.0,109.0,0.005,-5.8,-0.7,0.005,2023-04-06,GOOGL
335,-1249.0,103.0,109.0,0.005,-5.8,-0.7,0.005,2023-04-14,GOOGL
467,-1249.0,103.0,109.0,0.005,-5.8,-0.7,0.005,2023-04-28,GOOGL
401,-1249.0,103.0,109.0,0.005,-5.8,-0.7,0.005,2023-04-21,GOOGL
439,-1247.0,107.0,113.0,0.005,-2.27,-4.21,0.005,2023-04-21,GOOGL
505,-1247.0,107.0,113.0,0.005,-2.27,-4.21,0.005,2023-04-28,GOOGL
373,-1247.0,107.0,113.0,0.005,-2.27,-4.21,0.005,2023-04-14,GOOGL
307,-1247.0,107.0,113.0,0.005,-2.27,-4.21,0.005,2023-04-06,GOOGL
422,-1244.5,105.0,111.0,0.005,-3.555,-2.9000000000000004,0.005,2023-04-21,GOOGL
488,-1244.5,105.0,111.0,0.005,-3.555,-2.9000000000000004,0.005,2023-04-28,GOOGL
356,-1244.5,105.0,111.0,0.005,-3.555,-2.9000000000000004,0.005,2023-04-14,GOOGL
290,-1244.5,105.0,111.0,0.005,-3.555,-2.9000000000000004,0.005,2023-04-06,GOOGL
512,-1208.0,108.0,114.0,0.005,-0.54,-5.55,0.005,2023-04-28,GOOGL
314,-1208.0,108.0,114.0,0.005,-0.54,-5.55,0.005,2023-04-06,GOOGL
446,-1208.0,108.0,114.0,0.005,-0.54,-5.55,0.005,2023-04-21,GOOGL
380,-1208.0,108.0,114.0,0.005,-0.54,-5.55,0.005,2023-04-14,GOOGL
967,-1202.5000000000002,91.0,97.0,0.005,-1.4849999999999999,-4.550000000000001,0.005,2023-04-21,AMD
1033,-1202.5000000000002,91.0,97.0,0.005,-1.4849999999999999,-4.550000000000001,0.005,2023-04-28,AMD
835,-1202.5000000000002,91.0,97.0,0.005,-1.4849999999999999,-4.550000000000001,0.005,2023-04-06,AMD
901,-1202.5000000000002,91.0,97.0,0.005,-1.4849999999999999,-4.550000000000001,0.005,2023-04-14,AMD
959,-1201.5,90.0,96.0,0.005,-2.475,-3.55,0.005,2023-04-21,AMD
827,-1201.5,90.0,96.0,0.005,-2.475,-3.55,0.005,2023-04-06,AMD
893,-1201.5,90.0,96.0,0.005,-2.475,-3.55,0.005,2023-04-14,AMD
1025,-1201.5,90.0,96.0,0.005,-2.475,-3.55,0.005,2023-04-28,AMD
710,-1201.0,102.0,108.0,0.005,-0.09,-5.975,0.049999999999999996,2023-04-21,AMZN
644,-1201.0,102.0,108.0,0.005,-0.09,-5.975,0.049999999999999996,2023-04-14,AMZN
578,-1201.0,102.0,108.0,0.005,-0.09,-5.975,0.049999999999999996,2023-04-06,AMZN
776,-1201.0,102.0,108.0,0.005,-0.09,-5.975,0.049999999999999996,2023-04-28,AMZN
1006,-1200.0,88.0,94.0,0.005,-4.475,-1.535,0.005,2023-04-28,AMD
940,-1200.0,88.0,94.0,0.005,-4.475,-1.535,0.005,2023-04-21,AMD
874,-1200.0,88.0,94.0,0.005,-4.475,-1.535,0.005,2023-04-14,AMD
808,-1200.0,88.0,94.0,0.005,-4.475,-1.535,0.005,2023-04-06,AMD
544,-1199.5,98.0,104.0,0.005,-4.075,-1.9300000000000002,0.005,2023-04-06,AMZN
610,-1199.5,98.0,104.0,0.005,-4.075,-1.9300000000000002,0.005,2023-04-14,AMZN
676,-1199.5,98.0,104.0,0.005,-4.075,-1.9300000000000002,0.005,2023-04-21,AMZN
742,-1199.5,98.0,104.0,0.005,-4.075,-1.9300000000000002,0.005,2023-04-28,AMZN
884,-1199.0000000000002,89.0,95.0,0.005,-3.475,-2.5250000000000004,0.005,2023-04-14,AMD
818,-1199.0000000000002,89.0,95.0,0.005,-3.475,-2.5250000000000004,0.005,2023-04-06,AMD
842,-1199.0000000000002,92.0,98.0,0.005,-0.45,-5.550000000000001,0.005,2023-04-06,AMD
950,-1199.0000000000002,89.0,95.0,0.005,-3.475,-2.5250000000000004,0.005,2023-04-21,AMD
1016,-1199.0000000000002,89.0,95.0,0.005,-3.475,-2.5250000000000004,0.005,2023-04-28,AMD
1040,-1199.0000000000002,92.0,98.0,0.005,-0.45,-5.550000000000001,0.005,2023-04-28,AMD
974,-1199.0000000000002,92.0,98.0,0.005,-0.45,-5.550000000000001,0.005,2023-04-21,AMD
908,-1199.0000000000002,92.0,98.0,0.005,-0.45,-5.550000000000001,0.005,2023-04-14,AMD
629,-1198.9999999999998,100.0,106.0,0.005,-2.05,-3.9499999999999997,0.005,2023-04-14,AMZN
761,-1198.9999999999998,100.0,106.0,0.005,-2.05,-3.9499999999999997,0.005,2023-04-28,AMZN
695,-1198.9999999999998,100.0,106.0,0.005,-2.05,-3.9499999999999997,0.005,2023-04-21,AMZN
563,-1198.9999999999998,100.0,106.0,0.005,-2.05,-3.9499999999999997,0.005,2023-04-06,AMZN
995,-1198.5,87.0,93.0,0.005,-5.475,-0.52,0.005,2023-04-28,AMD
863,-1198.5,87.0,93.0,0.005,-5.475,-0.52,0.005,2023-04-14,AMD
797,-1198.5,87.0,93.0,0.005,-5.475,-0.52,0.005,2023-04-06,AMD
929,-1198.5,87.0,93.0,0.005,-5.475,-0.52,0.005,2023-04-21,AMD
571,-1197.0,101.0,107.0,0.005,-1.0050000000000001,-4.975,0.005,2023-04-06,AMZN
769,-1197.0,101.0,107.0,0.005,-1.0050000000000001,-4.975,0.005,2023-04-28,AMZN
637,-1197.0,101.0,107.0,0.005,-1.0050000000000001,-4.975,0.005,2023-04-14,AMZN
703,-1197.0,101.0,107.0,0.005,-1.0050000000000001,-4.975,0.005,2023-04-21,AMZN
731,-1195.0,97.0,103.0,0.005,-5.025,-0.935,0.005,2023-04-28,AMZN
533,-1195.0,97.0,103.0,0.005,-5.025,-0.935,0.005,2023-04-06,AMZN
599,-1195.0,97.0,103.0,0.005,-5.025,-0.935,0.005,2023-04-14,AMZN
665,-1195.0,97.0,103.0,0.005,-5.025,-0.935,0.005,2023-04-21,AMZN
478,-1194.0000000000002,104.0,110.0,0.005,-4.25,-1.7000000000000002,0.005,2023-04-28,GOOGL
412,-1194.0000000000002,104.0,110.0,0.005,-4.25,-1.7000000000000002,0.005,2023-04-21,GOOGL
346,-1194.0000000000002,104.0,110.0,0.005,-4.25,-1.7000000000000002,0.005,2023-04-14,GOOGL
280,-1194.0000000000002,104.0,110.0,0.005,-4.25,-1.7000000000000002,0.005,2023-04-06,GOOGL
752,-1193.4999999999998,99.0,105.0,0.005,-3.015,-2.9299999999999997,0.005,2023-04-28,AMZN
554,-1193.4999999999998,99.0,105.0,0.005,-3.015,-2.9299999999999997,0.005,2023-04-06,AMZN
686,-1193.4999999999998,99.0,105.0,0.005,-3.015,-2.9299999999999997,0.005,2023-04-21,AMZN
620,-1193.4999999999998,99.0,105.0,0.005,-3.015,-2.9299999999999997,0.005,2023-04-14,AMZN
299,-1176.5,106.0,112.0,0.005,-2.5149999999999997,-3.2600000000000002,0.005,2023-04-06,GOOGL
365,-1176.5,106.0,112.0,0.005,-2.5149999999999997,-3.2600000000000002,0.005,2023-04-14,GOOGL
431,-1176.5,106.0,112.0,0.005,-2.5149999999999997,-3.2600000000000002,0.005,2023-04-21,GOOGL
497,-1176.5,106.0,112.0,0.005,-2.5149999999999997,-3.2600000000000002,0.005,2023-04-28,GOOGL
22,-1059.9999999999998,155.0,160.0,4.425000000000001,-10.024999999999999,-0.005,0.005,2023-04-06,AAPL
88,-1059.9999999999998,155.0,160.0,4.425000000000001,-10.024999999999999,-0.005,0.005,2023-04-14,AAPL
154,-1059.9999999999998,155.0,160.0,4.425000000000001,-10.024999999999999,-0.005,0.005,2023-04-21,AAPL
220,-1059.9999999999998,155.0,160.0,4.425000000000001,-10.024999999999999,-0.005,0.005,2023-04-28,AAPL
244,-1055.5,162.5,167.5,0.005,-2.095,-3.4699999999999998,0.005,2023-04-28,AAPL
46,-1055.5,162.5,167.5,0.005,-2.095,-3.4699999999999998,0.005,2023-04-06,AAPL
112,-1055.5,162.5,167.5,0.005,-2.095,-3.4699999999999998,0.005,2023-04-14,AAPL
178,-1055.5,162.5,167.5,0.005,-2.095,-3.4699999999999998,0.005,2023-04-21,AAPL
306,-1052.0,107.0,112.0,0.005,-2.27,-3.2600000000000002,0.005,2023-04-06,GOOGL
372,-1052.0,107.0,112.0,0.005,-2.27,-3.2600000000000002,0.005,2023-04-14,GOOGL
504,-1052.0,107.0,112.0,0.005,-2.27,-3.2600000000000002,0.005,2023-04-28,GOOGL
438,-1052.0,107.0,112.0,0.005,-2.27,-3.2600000000000002,0.005,2023-04-21,GOOGL
496,-1040.5,106.0,111.0,0.005,-2.5149999999999997,-2.9000000000000004,0.005,2023-04-28,GOOGL
364,-1040.5,106.0,111.0,0.005,-2.5149999999999997,-2.9000000000000004,0.005,2023-04-14,GOOGL
430,-1040.5,106.0,111.0,0.005,-2.5149999999999997,-2.9000000000000004,0.005,2023-04-21,GOOGL
298,-1040.5,106.0,111.0,0.005,-2.5149999999999997,-2.9000000000000004,0.005,2023-04-06,GOOGL
163,-1038.0,157.5,162.5,2.095,-7.475,-0.005,0.005,2023-04-21,AAPL
229,-1038.0,157.5,162.5,2.095,-7.475,-0.005,0.005,2023-04-28,AAPL
97,-1038.0,157.5,162.5,2.095,-7.475,-0.005,0.005,2023-04-14,AAPL
31,-1038.0,157.5,162.5,2.095,-7.475,-0.005,0.005,2023-04-06,AAPL
334,-1026.0,103.0,108.0,0.54,-5.8,-0.005,0.005,2023-04-14,GOOGL
466,-1026.0,103.0,108.0,0.54,-5.8,-0.005,0.005,2023-04-28,GOOGL
400,-1026.0,103.0,108.0,0.54,-5.8,-0.005,0.005,2023-04-21,GOOGL
268,-1026.0,103.0,108.0,0.54,-5.8,-0.005,0.005,2023-04-06,GOOGL
355,-1024.5,105.0,110.0,0.005,-3.555,-1.7000000000000002,0.005,2023-04-14,GOOGL
487,-1024.5,105.0,110.0,0.005,-3.555,-1.7000000000000002,0.005,2023-04-28,GOOGL
289,-1024.5,105.0,110.0,0.005,-3.555,-1.7000000000000002,0.005,2023-04-06,GOOGL
421,-1024.5,105.0,110.0,0.005,-3.555,-1.7000000000000002,0.005,2023-04-21,GOOGL
118,-1024.0,165.0,170.0,0.005,-0.005,-5.7,0.45999999999999996,2023-04-14,AAPL
52,-1024.0,165.0,170.0,0.005,-0.005,-5.7,0.45999999999999996,2023-04-06,AAPL
250,-1024.0,165.0,170.0,0.005,-0.005,-5.7,0.45999999999999996,2023-04-28,AAPL
184,-1024.0,165.0,170.0,0.005,-0.005,-5.7,0.45999999999999996,2023-04-21,AAPL
130,-1010.0,172.5,177.5,0.005,-0.005,-12.6,7.5,2023-04-14,AAPL
262,-1010.0,172.5,177.5,0.005,-0.005,-12.6,7.5,2023-04-28,AAPL
64,-1010.0,172.5,177.5,0.005,-0.005,-12.6,7.5,2023-04-06,AAPL
196,-1010.0,172.5,177.5,0.005,-0.005,-12.6,7.5,2023-04-21,AAPL
715,-1003.9999999999999,103.0,108.0,0.005,-0.005,-5.975,0.935,2023-04-21,AMZN
781,-1003.9999999999999,103.0,108.0,0.005,-0.005,-5.975,0.935,2023-04-28,AMZN
583,-1003.9999999999999,103.0,108.0,0.005,-0.005,-5.975,0.935,2023-04-06,AMZN
649,-1003.9999999999999,103.0,108.0,0.005,-0.005,-5.975,0.935,2023-04-14,AMZN
847,-1003.0000000000001,93.0,98.0,0.005,-0.005,-5.550000000000001,0.52,2023-04-06,AMD
979,-1003.0000000000001,93.0,98.0,0.005,-0.005,-5.550000000000001,0.52,2023-04-21,AMD
1045,-1003.0000000000001,93.0,98.0,0.005,-0.005,-5.550000000000001,0.52,2023-04-28,AMD
913,-1003.0000000000001,93.0,98.0,0.005,-0.005,-5.550000000000001,0.52,2023-04-14,AMD
834,-1002.4999999999999,91.0,96.0,0.005,-1.4849999999999999,-3.55,0.005,2023-04-06,AMD
994,-1002.4999999999999,87.0,92.0,0.45,-5.475,-0.005,0.005,2023-04-28,AMD
1032,-1002.4999999999999,91.0,96.0,0.005,-1.4849999999999999,-3.55,0.005,2023-04-28,AMD
796,-1002.4999999999999,87.0,92.0,0.45,-5.475,-0.005,0.005,2023-04-06,AMD
900,-1002.4999999999999,91.0,96.0,0.005,-1.4849999999999999,-3.55,0.005,2023-04-14,AMD
862,-1002.4999999999999,87.0,92.0,0.45,-5.475,-0.005,0.005,2023-04-14,AMD
966,-1002.4999999999999,91.0,96.0,0.005,-1.4849999999999999,-3.55,0.005,2023-04-21,AMD
928,-1002.4999999999999,87.0,92.0,0.45,-5.475,-0.005,0.005,2023-04-21,AMD
577,-1001.0,102.0,107.0,0.005,-0.09,-4.975,0.049999999999999996,2023-04-06,AMZN
709,-1001.0,102.0,107.0,0.005,-0.09,-4.975,0.049999999999999996,2023-04-21,AMZN
643,-1001.0,102.0,107.0,0.005,-0.09,-4.975,0.049999999999999996,2023-04-14,AMZN
775,-1001.0,102.0,107.0,0.005,-0.09,-4.975,0.049999999999999996,2023-04-28,AMZN
817,-1000.0,89.0,94.0,0.005,-3.475,-1.535,0.005,2023-04-06,AMD
883,-1000.0,89.0,94.0,0.005,-3.475,-1.535,0.005,2023-04-14,AMD
609,-1000.0,98.0,103.0,0.005,-4.075,-0.935,0.005,2023-04-14,AMZN
543,-1000.0,98.0,103.0,0.005,-4.075,-0.935,0.005,2023-04-06,AMZN
675,-1000.0,98.0,103.0,0.005,-4.075,-0.935,0.005,2023-04-21,AMZN
741,-1000.0,98.0,103.0,0.005,-4.075,-0.935,0.005,2023-04-28,AMZN
1015,-1000.0,89.0,94.0,0.005,-3.475,-1.535,0.005,2023-04-28,AMD
949,-1000.0,89.0,94.0,0.005,-3.475,-1.535,0.005,2023-04-21,AMD
826,-999.0000000000002,90.0,95.0,0.005,-2.475,-2.5250000000000004,0.005,2023-04-06,AMD
1024,-999.0000000000002,90.0,95.0,0.005,-2.475,-2.5250000000000004,0.005,2023-04-28,AMD
892,-999.0000000000002,90.0,95.0,0.005,-2.475,-2.5250000000000004,0.005,2023-04-14,AMD
958,-999.0000000000002,90.0,95.0,0.005,-2.475,-2.5250000000000004,0.005,2023-04-21,AMD
907,-999.0000000000002,92.0,97.0,0.005,-0.45,-4.550000000000001,0.005,2023-04-14,AMD
841,-999.0000000000002,92.0,97.0,0.005,-0.45,-4.550000000000001,0.005,2023-04-06,AMD
1039,-999.0000000000002,92.0,97.0,0.005,-0.45,-4.550000000000001,0.005,2023-04-28,AMD
973,-999.0000000000002,92.0,97.0,0.005,-0.45,-4.550000000000001,0.005,2023-04-21,AMD
807,-998.5,88.0,93.0,0.005,-4.475,-0.52,0.005,2023-04-06,AMD
1005,-998.5,88.0,93.0,0.005,-4.475,-0.52,0.005,2023-04-28,AMD
939,-998.5,88.0,93.0,0.005,-4.475,-0.52,0.005,2023-04-21,AMD
873,-998.5,88.0,93.0,0.005,-4.475,-0.52,0.005,2023-04-14,AMD
730,-998.0,97.0,102.0,0.09,-5.025,-0.049999999999999996,0.005,2023-04-28,AMZN
664,-998.0,97.0,102.0,0.09,-5.025,-0.049999999999999996,0.005,2023-04-21,AMZN
532,-998.0,97.0,102.0,0.09,-5.025,-0.049999999999999996,0.005,2023-04-06,AMZN
598,-998.0,97.0,102.0,0.09,-5.025,-0.049999999999999996,0.005,2023-04-14,AMZN
628,-996.9999999999999,100.0,105.0,0.005,-2.05,-2.9299999999999997,0.005,2023-04-14,AMZN
760,-996.9999999999999,100.0,105.0,0.005,-2.05,-2.9299999999999997,0.005,2023-04-28,AMZN
694,-996.9999999999999,100.0,105.0,0.005,-2.05,-2.9299999999999997,0.005,2023-04-21,AMZN
562,-996.9999999999999,100.0,105.0,0.005,-2.05,-2.9299999999999997,0.005,2023-04-06,AMZN
768,-994.5,101.0,106.0,0.005,-1.0050000000000001,-3.9499999999999997,0.005,2023-04-28,AMZN
636,-994.5,101.0,106.0,0.005,-1.0050000000000001,-3.9499999999999997,0.005,2023-04-14,AMZN
570,-994.5,101.0,106.0,0.005,-1.0050000000000001,-3.9499999999999997,0.005,2023-04-06,AMZN
702,-994.5,101.0,106.0,0.005,-1.0050000000000001,-3.9499999999999997,0.005,2023-04-21,AMZN
345,-994.0000000000001,104.0,109.0,0.005,-4.25,-0.7,0.005,2023-04-14,GOOGL
477,-994.0000000000001,104.0,109.0,0.005,-4.25,-0.7,0.005,2023-04-28,GOOGL
411,-994.0000000000001,104.0,109.0,0.005,-4.25,-0.7,0.005,2023-04-21,GOOGL
279,-994.0000000000001,104.0,109.0,0.005,-4.25,-0.7,0.005,2023-04-06,GOOGL
553,-993.5,99.0,104.0,0.005,-3.015,-1.9300000000000002,0.005,2023-04-06,AMZN
619,-993.5,99.0,104.0,0.005,-3.015,-1.9300000000000002,0.005,2023-04-14,AMZN
685,-993.5,99.0,104.0,0.005,-3.015,-1.9300000000000002,0.005,2023-04-21,AMZN
751,-993.5,99.0,104.0,0.005,-3.015,-1.9300000000000002,0.005,2023-04-28,AMZN
171,-987.5,160.0,165.0,0.005,-4.425000000000001,-0.45999999999999996,0.005,2023-04-21,AAPL
105,-987.5,160.0,165.0,0.005,-4.425000000000001,-0.45999999999999996,0.005,2023-04-14,AAPL
39,-987.5,160.0,165.0,0.005,-4.425000000000001,-0.45999999999999996,0.005,2023-04-06,AAPL
237,-987.5,160.0,165.0,0.005,-4.425000000000001,-0.45999999999999996,0.005,2023-04-28,AAPL
517,-985.0,109.0,114.0,0.005,-0.005,-5.55,0.7,2023-04-28,GOOGL
319,-985.0,109.0,114.0,0.005,-0.005,-5.55,0.7,2023-04-06,GOOGL
451,-985.0,109.0,114.0,0.005,-0.005,-5.55,0.7,2023-04-21,GOOGL
385,-985.0,109.0,114.0,0.005,-0.005,-5.55,0.7,2023-04-14,GOOGL
511,-974.0,108.0,113.0,0.005,-0.54,-4.21,0.005,2023-04-28,GOOGL
445,-974.0,108.0,113.0,0.005,-0.54,-4.21,0.005,2023-04-21,GOOGL
313,-974.0,108.0,113.0,0.005,-0.54,-4.21,0.005,2023-04-06,GOOGL
379,-974.0,108.0,113.0,0.005,-0.54,-4.21,0.005,2023-04-14,GOOGL
127,-972.5000000000001,170.0,175.0,0.005,-0.005,-10.425,5.7,2023-04-14,AAPL
61,-972.5000000000001,170.0,175.0,0.005,-0.005,-10.425,5.7,2023-04-06,AAPL
259,-972.5000000000001,170.0,175.0,0.005,-0.005,-10.425,5.7,2023-04-28,AAPL
193,-972.5000000000001,170.0,175.0,0.005,-0.005,-10.425,5.7,2023-04-21,AAPL
210,-970.0000000000001,152.5,157.5,7.475,-12.175,-0.005,0.005,2023-04-28,AAPL
78,-970.0000000000001,152.5,157.5,7.475,-12.175,-0.005,0.005,2023-04-14,AAPL
12,-970.0000000000001,152.5,157.5,7.475,-12.175,-0.005,0.005,2023-04-06,AAPL
144,-970.0000000000001,152.5,157.5,7.475,-12.175,-0.005,0.005,2023-04-21,AAPL
67,-967.5000000000001,150.0,155.0,10.024999999999999,-14.7,-0.005,0.005,2023-04-14,AAPL
199,-967.5000000000001,150.0,155.0,10.024999999999999,-14.7,-0.005,0.005,2023-04-28,AAPL
1,-967.5000000000001,150.0,155.0,10.024999999999999,-14.7,-0.005,0.005,2023-04-06,AAPL
133,-967.5000000000001,150.0,155.0,10.024999999999999,-14.7,-0.005,0.005,2023-04-21,AAPL
305,-916.0,107.0,111.0,0.005,-2.27,-2.9000000000000004,0.005,2023-04-06,GOOGL
371,-916.0,107.0,111.0,0.005,-2.27,-2.9000000000000004,0.005,2023-04-14,GOOGL
503,-916.0,107.0,111.0,0.005,-2.27,-2.9000000000000004,0.005,2023-04-28,GOOGL
437,-916.0,107.0,111.0,0.005,-2.27,-2.9000000000000004,0.005,2023-04-21,GOOGL
57,-903.0000000000001,167.5,172.5,0.005,-0.005,-7.5,3.4699999999999998,2023-04-06,AAPL
255,-903.0000000000001,167.5,172.5,0.005,-0.005,-7.5,3.4699999999999998,2023-04-28,AAPL
189,-903.0000000000001,167.5,172.5,0.005,-0.005,-7.5,3.4699999999999998,2023-04-21,AAPL
123,-903.0000000000001,167.5,172.5,0.005,-0.005,-7.5,3.4699999999999998,2023-04-14,AAPL
486,-824.5000000000001,105.0,109.0,0.005,-3.555,-0.7,0.005,2023-04-28,GOOGL
420,-824.5000000000001,105.0,109.0,0.005,-3.555,-0.7,0.005,2023-04-21,GOOGL
354,-824.5000000000001,105.0,109.0,0.005,-3.555,-0.7,0.005,2023-04-14,GOOGL
288,-824.5000000000001,105.0,109.0,0.005,-3.555,-0.7,0.005,2023-04-06,GOOGL
495,-820.5,106.0,110.0,0.005,-2.5149999999999997,-1.7000000000000002,0.005,2023-04-28,GOOGL
363,-820.5,106.0,110.0,0.005,-2.5149999999999997,-1.7000000000000002,0.005,2023-04-14,GOOGL
429,-820.5,106.0,110.0,0.005,-2.5149999999999997,-1.7000000000000002,0.005,2023-04-21,GOOGL
297,-820.5,106.0,110.0,0.005,-2.5149999999999997,-1.7000000000000002,0.005,2023-04-06,GOOGL
785,-804.5,104.0,108.0,0.005,-0.005,-5.975,1.9300000000000002,2023-04-28,AMZN
653,-804.5,104.0,108.0,0.005,-0.005,-5.975,1.9300000000000002,2023-04-14,AMZN
587,-804.5,104.0,108.0,0.005,-0.005,-5.975,1.9300000000000002,2023-04-06,AMZN
719,-804.5,104.0,108.0,0.005,-0.005,-5.975,1.9300000000000002,2023-04-21,AMZN
780,-803.9999999999999,103.0,107.0,0.005,-0.005,-4.975,0.935,2023-04-28,AMZN
648,-803.9999999999999,103.0,107.0,0.005,-0.005,-4.975,0.935,2023-04-14,AMZN
714,-803.9999999999999,103.0,107.0,0.005,-0.005,-4.975,0.935,2023-04-21,AMZN
582,-803.9999999999999,103.0,107.0,0.005,-0.005,-4.975,0.935,2023-04-06,AMZN
912,-803.0000000000001,93.0,97.0,0.005,-0.005,-4.550000000000001,0.52,2023-04-14,AMD
846,-803.0000000000001,93.0,97.0,0.005,-0.005,-4.550000000000001,0.52,2023-04-06,AMD
674,-803.0000000000001,98.0,102.0,0.09,-4.075,-0.049999999999999996,0.005,2023-04-21,AMZN
608,-803.0000000000001,98.0,102.0,0.09,-4.075,-0.049999999999999996,0.005,2023-04-14,AMZN
1044,-803.0000000000001,93.0,97.0,0.005,-0.005,-4.550000000000001,0.52,2023-04-28,AMD
542,-803.0000000000001,98.0,102.0,0.09,-4.075,-0.049999999999999996,0.005,2023-04-06,AMZN
978,-803.0000000000001,93.0,97.0,0.005,-0.005,-4.550000000000001,0.52,2023-04-21,AMD
740,-803.0000000000001,98.0,102.0,0.09,-4.075,-0.049999999999999996,0.005,2023-04-28,AMZN
1004,-802.4999999999999,88.0,92.0,0.45,-4.475,-0.005,0.005,2023-04-28,AMD
806,-802.4999999999999,88.0,92.0,0.45,-4.475,-0.005,0.005,2023-04-06,AMD
872,-802.4999999999999,88.0,92.0,0.45,-4.475,-0.005,0.005,2023-04-14,AMD
938,-802.4999999999999,88.0,92.0,0.45,-4.475,-0.005,0.005,2023-04-21,AMD
531,-802.0,97.0,101.0,1.0050000000000001,-5.025,-0.005,0.005,2023-04-06,AMZN
729,-802.0,97.0,101.0,1.0050000000000001,-5.025,-0.005,0.005,2023-04-28,AMZN
597,-802.0,97.0,101.0,1.0050000000000001,-5.025,-0.005,0.005,2023-04-14,AMZN
663,-802.0,97.0,101.0,1.0050000000000001,-5.025,-0.005,0.005,2023-04-21,AMZN
983,-801.5,94.0,98.0,0.005,-0.005,-5.550000000000001,1.535,2023-04-21,AMD
1049,-801.5,94.0,98.0,0.005,-0.005,-5.550000000000001,1.535,2023-04-28,AMD
917,-801.5,94.0,98.0,0.005,-0.005,-5.550000000000001,1.535,2023-04-14,AMD
851,-801.5,94.0,98.0,0.005,-0.005,-5.550000000000001,1.535,2023-04-06,AMD
1023,-800.0,90.0,94.0,0.005,-2.475,-1.535,0.005,2023-04-28,AMD
833,-800.0,91.0,95.0,0.005,-1.4849999999999999,-2.5250000000000004,0.005,2023-04-06,AMD
1031,-800.0,91.0,95.0,0.005,-1.4849999999999999,-2.5250000000000004,0.005,2023-04-28,AMD
957,-800.0,90.0,94.0,0.005,-2.475,-1.535,0.005,2023-04-21,AMD
891,-800.0,90.0,94.0,0.005,-2.475,-1.535,0.005,2023-04-14,AMD
825,-800.0,90.0,94.0,0.005,-2.475,-1.535,0.005,2023-04-06,AMD
899,-800.0,91.0,95.0,0.005,-1.4849999999999999,-2.5250000000000004,0.005,2023-04-14,AMD
965,-800.0,91.0,95.0,0.005,-1.4849999999999999,-2.5250000000000004,0.005,2023-04-21,AMD
993,-799.0,87.0,91.0,1.4849999999999999,-5.475,-0.005,0.005,2023-04-28,AMD
972,-799.0,92.0,96.0,0.005,-0.45,-3.55,0.005,2023-04-21,AMD
840,-799.0,92.0,96.0,0.005,-0.45,-3.55,0.005,2023-04-06,AMD
927,-799.0,87.0,91.0,1.4849999999999999,-5.475,-0.005,0.005,2023-04-21,AMD
1038,-799.0,92.0,96.0,0.005,-0.45,-3.55,0.005,2023-04-28,AMD
906,-799.0,92.0,96.0,0.005,-0.45,-3.55,0.005,2023-04-14,AMD
861,-799.0,87.0,91.0,1.4849999999999999,-5.475,-0.005,0.005,2023-04-14,AMD
795,-799.0,87.0,91.0,1.4849999999999999,-5.475,-0.005,0.005,2023-04-06,AMD
882,-798.5,89.0,93.0,0.005,-3.475,-0.52,0.005,2023-04-14,AMD
708,-798.5,102.0,106.0,0.005,-0.09,-3.9499999999999997,0.049999999999999996,2023-04-21,AMZN
816,-798.5,89.0,93.0,0.005,-3.475,-0.52,0.005,2023-04-06,AMD
642,-798.5,102.0,106.0,0.005,-0.09,-3.9499999999999997,0.049999999999999996,2023-04-14,AMZN
774,-798.5,102.0,106.0,0.005,-0.09,-3.9499999999999997,0.049999999999999996,2023-04-28,AMZN
948,-798.5,89.0,93.0,0.005,-3.475,-0.52,0.005,2023-04-21,AMD
576,-798.5,102.0,106.0,0.005,-0.09,-3.9499999999999997,0.049999999999999996,2023-04-06,AMZN
1014,-798.5,89.0,93.0,0.005,-3.475,-0.52,0.005,2023-04-28,AMD
759,-797.0000000000001,100.0,104.0,0.005,-2.05,-1.9300000000000002,0.005,2023-04-28,AMZN
627,-797.0000000000001,100.0,104.0,0.005,-2.05,-1.9300000000000002,0.005,2023-04-14,AMZN
561,-797.0000000000001,100.0,104.0,0.005,-2.05,-1.9300000000000002,0.005,2023-04-06,AMZN
693,-797.0000000000001,100.0,104.0,0.005,-2.05,-1.9300000000000002,0.005,2023-04-21,AMZN
618,-794.0,99.0,103.0,0.005,-3.015,-0.935,0.005,2023-04-14,AMZN
552,-794.0,99.0,103.0,0.005,-3.015,-0.935,0.005,2023-04-06,AMZN
750,-794.0,99.0,103.0,0.005,-3.015,-0.935,0.005,2023-04-28,AMZN
684,-794.0,99.0,103.0,0.005,-3.015,-0.935,0.005,2023-04-21,AMZN
635,-792.5,101.0,105.0,0.005,-1.0050000000000001,-2.9299999999999997,0.005,2023-04-14,AMZN
767,-792.5,101.0,105.0,0.005,-1.0050000000000001,-2.9299999999999997,0.005,2023-04-28,AMZN
701,-792.5,101.0,105.0,0.005,-1.0050000000000001,-2.9299999999999997,0.005,2023-04-21,AMZN
569,-792.5,101.0,105.0,0.005,-1.0050000000000001,-2.9299999999999997,0.005,2023-04-06,AMZN
521,-785.0,110.0,114.0,0.005,-0.005,-5.55,1.7000000000000002,2023-04-28,GOOGL
455,-785.0,110.0,114.0,0.005,-0.005,-5.55,1.7000000000000002,2023-04-21,GOOGL
323,-785.0,110.0,114.0,0.005,-0.005,-5.55,1.7000000000000002,2023-04-06,GOOGL
389,-785.0,110.0,114.0,0.005,-0.005,-5.55,1.7000000000000002,2023-04-14,GOOGL
444,-779.0000000000001,108.0,112.0,0.005,-0.54,-3.2600000000000002,0.005,2023-04-21,GOOGL
312,-779.0000000000001,108.0,112.0,0.005,-0.54,-3.2600000000000002,0.005,2023-04-06,GOOGL
510,-779.0000000000001,108.0,112.0,0.005,-0.54,-3.2600000000000002,0.005,2023-04-28,GOOGL
378,-779.0000000000001,108.0,112.0,0.005,-0.54,-3.2600000000000002,0.005,2023-04-14,GOOGL
344,-771.0,104.0,108.0,0.54,-4.25,-0.005,0.005,2023-04-14,GOOGL
476,-771.0,104.0,108.0,0.54,-4.25,-0.005,0.005,2023-04-28,GOOGL
410,-771.0,104.0,108.0,0.54,-4.25,-0.005,0.005,2023-04-21,GOOGL
278,-771.0,104.0,108.0,0.54,-4.25,-0.005,0.005,2023-04-06,GOOGL
465,-752.9999999999999,103.0,107.0,2.27,-5.8,-0.005,0.005,2023-04-28,GOOGL
399,-752.9999999999999,103.0,107.0,2.27,-5.8,-0.005,0.005,2023-04-21,GOOGL
267,-752.9999999999999,103.0,107.0,2.27,-5.8,-0.005,0.005,2023-04-06,GOOGL
333,-752.9999999999999,103.0,107.0,2.27,-5.8,-0.005,0.005,2023-04-14,GOOGL
384,-751.0,109.0,113.0,0.005,-0.005,-4.21,0.7,2023-04-14,GOOGL
516,-751.0,109.0,113.0,0.005,-0.005,-4.21,0.7,2023-04-28,GOOGL
318,-751.0,109.0,113.0,0.005,-0.005,-4.21,0.7,2023-04-06,GOOGL
450,-751.0,109.0,113.0,0.005,-0.005,-4.21,0.7,2023-04-21,GOOGL
502,-696.0000000000001,107.0,110.0,0.005,-2.27,-1.7000000000000002,0.005,2023-04-28,GOOGL
370,-696.0000000000001,107.0,110.0,0.005,-2.27,-1.7000000000000002,0.005,2023-04-14,GOOGL
304,-696.0000000000001,107.0,110.0,0.005,-2.27,-1.7000000000000002,0.005,2023-04-06,GOOGL
436,-696.0000000000001,107.0,110.0,0.005,-2.27,-1.7000000000000002,0.005,2023-04-21,GOOGL
509,-643.0000000000001,108.0,111.0,0.005,-0.54,-2.9000000000000004,0.005,2023-04-28,GOOGL
311,-643.0000000000001,108.0,111.0,0.005,-0.54,-2.9000000000000004,0.005,2023-04-06,GOOGL
443,-643.0000000000001,108.0,111.0,0.005,-0.54,-2.9000000000000004,0.005,2023-04-21,GOOGL
377,-643.0000000000001,108.0,111.0,0.005,-0.54,-2.9000000000000004,0.005,2023-04-14,GOOGL
398,-628.5,103.0,106.0,2.5149999999999997,-5.8,-0.005,0.005,2023-04-21,GOOGL
332,-628.5,103.0,106.0,2.5149999999999997,-5.8,-0.005,0.005,2023-04-14,GOOGL
464,-628.5,103.0,106.0,2.5149999999999997,-5.8,-0.005,0.005,2023-04-28,GOOGL
266,-628.5,103.0,106.0,2.5149999999999997,-5.8,-0.005,0.005,2023-04-06,GOOGL
362,-620.5,106.0,109.0,0.005,-2.5149999999999997,-0.7,0.005,2023-04-14,GOOGL
428,-620.5,106.0,109.0,0.005,-2.5149999999999997,-0.7,0.005,2023-04-21,GOOGL
494,-620.5,106.0,109.0,0.005,-2.5149999999999997,-0.7,0.005,2023-04-28,GOOGL
296,-620.5,106.0,109.0,0.005,-2.5149999999999997,-0.7,0.005,2023-04-06,GOOGL
607,-607.0,98.0,101.0,1.0050000000000001,-4.075,-0.005,0.005,2023-04-14,AMZN
541,-607.0,98.0,101.0,1.0050000000000001,-4.075,-0.005,0.005,2023-04-06,AMZN
739,-607.0,98.0,101.0,1.0050000000000001,-4.075,-0.005,0.005,2023-04-28,AMZN
673,-607.0,98.0,101.0,1.0050000000000001,-4.075,-0.005,0.005,2023-04-21,AMZN
784,-604.5,104.0,107.0,0.005,-0.005,-4.975,1.9300000000000002,2023-04-28,AMZN
722,-604.5,105.0,108.0,0.005,-0.005,-5.975,2.9299999999999997,2023-04-21,AMZN
718,-604.5,104.0,107.0,0.005,-0.005,-4.975,1.9300000000000002,2023-04-21,AMZN
788,-604.5,105.0,108.0,0.005,-0.005,-5.975,2.9299999999999997,2023-04-28,AMZN
586,-604.5,104.0,107.0,0.005,-0.005,-4.975,1.9300000000000002,2023-04-06,AMZN
590,-604.5,105.0,108.0,0.005,-0.005,-5.975,2.9299999999999997,2023-04-06,AMZN
656,-604.5,105.0,108.0,0.005,-0.005,-5.975,2.9299999999999997,2023-04-14,AMZN
652,-604.5,104.0,107.0,0.005,-0.005,-4.975,1.9300000000000002,2023-04-14,AMZN
977,-602.9999999999999,93.0,96.0,0.005,-0.005,-3.55,0.52,2023-04-21,AMD
911,-602.9999999999999,93.0,96.0,0.005,-0.005,-3.55,0.52,2023-04-14,AMD
1043,-602.9999999999999,93.0,96.0,0.005,-0.005,-3.55,0.52,2023-04-28,AMD
845,-602.9999999999999,93.0,96.0,0.005,-0.005,-3.55,0.52,2023-04-06,AMD
1013,-602.5,89.0,92.0,0.45,-3.475,-0.005,0.005,2023-04-28,AMD
1052,-602.5,95.0,98.0,0.005,-0.005,-5.550000000000001,2.5250000000000004,2023-04-28,AMD
986,-602.5,95.0,98.0,0.005,-0.005,-5.550000000000001,2.5250000000000004,2023-04-21,AMD
854,-602.5,95.0,98.0,0.005,-0.005,-5.550000000000001,2.5250000000000004,2023-04-06,AMD
947,-602.5,89.0,92.0,0.45,-3.475,-0.005,0.005,2023-04-21,AMD
920,-602.5,95.0,98.0,0.005,-0.005,-5.550000000000001,2.5250000000000004,2023-04-14,AMD
815,-602.5,89.0,92.0,0.45,-3.475,-0.005,0.005,2023-04-06,AMD
881,-602.5,89.0,92.0,0.45,-3.475,-0.005,0.005,2023-04-14,AMD
916,-601.5,94.0,97.0,0.005,-0.005,-4.550000000000001,1.535,2023-04-14,AMD
647,-601.5,103.0,106.0,0.005,-0.005,-3.9499999999999997,0.935,2023-04-14,AMZN
485,-601.5,105.0,108.0,0.54,-3.555,-0.005,0.005,2023-04-28,GOOGL
419,-601.5,105.0,108.0,0.54,-3.555,-0.005,0.005,2023-04-21,GOOGL
850,-601.5,94.0,97.0,0.005,-0.005,-4.550000000000001,1.535,2023-04-06,AMD
779,-601.5,103.0,106.0,0.005,-0.005,-3.9499999999999997,0.935,2023-04-28,AMZN
287,-601.5,105.0,108.0,0.54,-3.555,-0.005,0.005,2023-04-06,GOOGL
1048,-601.5,94.0,97.0,0.005,-0.005,-4.550000000000001,1.535,2023-04-28,AMD
982,-601.5,94.0,97.0,0.005,-0.005,-4.550000000000001,1.535,2023-04-21,AMD
353,-601.5,105.0,108.0,0.54,-3.555,-0.005,0.005,2023-04-14,GOOGL
581,-601.5,103.0,106.0,0.005,-0.005,-3.9499999999999997,0.935,2023-04-06,AMZN
713,-601.5,103.0,106.0,0.005,-0.005,-3.9499999999999997,0.935,2023-04-21,AMZN
964,-601.0,91.0,94.0,0.005,-1.4849999999999999,-1.535,0.005,2023-04-21,AMD
1030,-601.0,91.0,94.0,0.005,-1.4849999999999999,-1.535,0.005,2023-04-28,AMD
898,-601.0,91.0,94.0,0.005,-1.4849999999999999,-1.535,0.005,2023-04-14,AMD
832,-601.0,91.0,94.0,0.005,-1.4849999999999999,-1.535,0.005,2023-04-06,AMD
794,-600.0,87.0,90.0,2.475,-5.475,-0.005,0.005,2023-04-06,AMD
926,-600.0,87.0,90.0,2.475,-5.475,-0.005,0.005,2023-04-21,AMD
860,-600.0,87.0,90.0,2.475,-5.475,-0.005,0.005,2023-04-14,AMD
992,-600.0,87.0,90.0,2.475,-5.475,-0.005,0.005,2023-04-28,AMD
805,-599.0,88.0,91.0,1.4849999999999999,-4.475,-0.005,0.005,2023-04-06,AMD
871,-599.0,88.0,91.0,1.4849999999999999,-4.475,-0.005,0.005,2023-04-14,AMD
937,-599.0,88.0,91.0,1.4849999999999999,-4.475,-0.005,0.005,2023-04-21,AMD
1003,-599.0,88.0,91.0,1.4849999999999999,-4.475,-0.005,0.005,2023-04-28,AMD
956,-598.5,90.0,93.0,0.005,-2.475,-0.52,0.005,2023-04-21,AMD
1022,-598.5,90.0,93.0,0.005,-2.475,-0.52,0.005,2023-04-28,AMD
824,-598.5,90.0,93.0,0.005,-2.475,-0.52,0.005,2023-04-06,AMD
890,-598.5,90.0,93.0,0.005,-2.475,-0.52,0.005,2023-04-14,AMD
662,-597.5,97.0,100.0,2.05,-5.025,-0.005,0.005,2023-04-21,AMZN
728,-597.5,97.0,100.0,2.05,-5.025,-0.005,0.005,2023-04-28,AMZN
530,-597.5,97.0,100.0,2.05,-5.025,-0.005,0.005,2023-04-06,AMZN
560,-597.5,100.0,103.0,0.005,-2.05,-0.935,0.005,2023-04-06,AMZN
758,-597.5,100.0,103.0,0.005,-2.05,-0.935,0.005,2023-04-28,AMZN
626,-597.5,100.0,103.0,0.005,-2.05,-0.935,0.005,2023-04-14,AMZN
692,-597.5,100.0,103.0,0.005,-2.05,-0.935,0.005,2023-04-21,AMZN
596,-597.5,97.0,100.0,2.05,-5.025,-0.005,0.005,2023-04-14,AMZN
683,-597.0000000000001,99.0,102.0,0.09,-3.015,-0.049999999999999996,0.005,2023-04-21,AMZN
551,-597.0000000000001,99.0,102.0,0.09,-3.015,-0.049999999999999996,0.005,2023-04-06,AMZN
749,-597.0000000000001,99.0,102.0,0.09,-3.015,-0.049999999999999996,0.005,2023-04-28,AMZN
617,-597.0000000000001,99.0,102.0,0.09,-3.015,-0.049999999999999996,0.005,2023-04-14,AMZN
641,-596.5,102.0,105.0,0.005,-0.09,-2.9299999999999997,0.049999999999999996,2023-04-14,AMZN
773,-596.5,102.0,105.0,0.005,-0.09,-2.9299999999999997,0.049999999999999996,2023-04-28,AMZN
575,-596.5,102.0,105.0,0.005,-0.09,-2.9299999999999997,0.049999999999999996,2023-04-06,AMZN
839,-596.5,92.0,95.0,0.005,-0.45,-2.5250000000000004,0.005,2023-04-06,AMD
905,-596.5,92.0,95.0,0.005,-0.45,-2.5250000000000004,0.005,2023-04-14,AMD
971,-596.5,92.0,95.0,0.005,-0.45,-2.5250000000000004,0.005,2023-04-21,AMD
707,-596.5,102.0,105.0,0.005,-0.09,-2.9299999999999997,0.049999999999999996,2023-04-21,AMZN
1037,-596.5,92.0,95.0,0.005,-0.45,-2.5250000000000004,0.005,2023-04-28,AMD
634,-592.5000000000001,101.0,104.0,0.005,-1.0050000000000001,-1.9300000000000002,0.005,2023-04-14,AMZN
700,-592.5000000000001,101.0,104.0,0.005,-1.0050000000000001,-1.9300000000000002,0.005,2023-04-21,AMZN
766,-592.5000000000001,101.0,104.0,0.005,-1.0050000000000001,-1.9300000000000002,0.005,2023-04-28,AMZN
568,-592.5000000000001,101.0,104.0,0.005,-1.0050000000000001,-1.9300000000000002,0.005,2023-04-06,AMZN
326,-565.0,111.0,114.0,0.005,-0.005,-5.55,2.9000000000000004,2023-04-06,GOOGL
458,-565.0,111.0,114.0,0.005,-0.005,-5.55,2.9000000000000004,2023-04-21,GOOGL
392,-565.0,111.0,114.0,0.005,-0.005,-5.55,2.9000000000000004,2023-04-14,GOOGL
524,-565.0,111.0,114.0,0.005,-0.005,-5.55,2.9000000000000004,2023-04-28,GOOGL
317,-556.0,109.0,112.0,0.005,-0.005,-3.2600000000000002,0.7,2023-04-06,GOOGL
515,-556.0,109.0,112.0,0.005,-0.005,-3.2600000000000002,0.7,2023-04-28,GOOGL
449,-556.0,109.0,112.0,0.005,-0.005,-3.2600000000000002,0.7,2023-04-21,GOOGL
383,-556.0,109.0,112.0,0.005,-0.005,-3.2600000000000002,0.7,2023-04-14,GOOGL
162,-554.9999999999999,157.5,160.0,4.425000000000001,-7.475,-0.005,0.005,2023-04-21,AAPL
228,-554.9999999999999,157.5,160.0,4.425000000000001,-7.475,-0.005,0.005,2023-04-28,AAPL
30,-554.9999999999999,157.5,160.0,4.425000000000001,-7.475,-0.005,0.005,2023-04-06,AAPL
96,-554.9999999999999,157.5,160.0,4.425000000000001,-7.475,-0.005,0.005,2023-04-14,AAPL
183,-551.0,165.0,167.5,0.005,-0.005,-3.4699999999999998,0.45999999999999996,2023-04-21,AAPL
51,-551.0,165.0,167.5,0.005,-0.005,-3.4699999999999998,0.45999999999999996,2023-04-06,AAPL
249,-551.0,165.0,167.5,0.005,-0.005,-3.4699999999999998,0.45999999999999996,2023-04-28,AAPL
454,-551.0,110.0,113.0,0.005,-0.005,-4.21,1.7000000000000002,2023-04-21,GOOGL
322,-551.0,110.0,113.0,0.005,-0.005,-4.21,1.7000000000000002,2023-04-06,GOOGL
117,-551.0,165.0,167.5,0.005,-0.005,-3.4699999999999998,0.45999999999999996,2023-04-14,AAPL
520,-551.0,110.0,113.0,0.005,-0.005,-4.21,1.7000000000000002,2023-04-28,GOOGL
388,-551.0,110.0,113.0,0.005,-0.005,-4.21,1.7000000000000002,2023-04-14,GOOGL
63,-542.5000000000001,172.5,175.0,0.005,-0.005,-10.425,7.5,2023-04-06,AAPL
129,-542.5000000000001,172.5,175.0,0.005,-0.005,-10.425,7.5,2023-04-14,AAPL
195,-542.5000000000001,172.5,175.0,0.005,-0.005,-10.425,7.5,2023-04-21,AAPL
261,-542.5000000000001,172.5,175.0,0.005,-0.005,-10.425,7.5,2023-04-28,AAPL
21,-504.9999999999999,155.0,157.5,7.475,-10.024999999999999,-0.005,0.005,2023-04-06,AAPL
219,-504.9999999999999,155.0,157.5,7.475,-10.024999999999999,-0.005,0.005,2023-04-28,AAPL
87,-504.9999999999999,155.0,157.5,7.475,-10.024999999999999,-0.005,0.005,2023-04-14,AAPL
153,-504.9999999999999,155.0,157.5,7.475,-10.024999999999999,-0.005,0.005,2023-04-21,AAPL
45,-504.5,162.5,165.0,0.005,-2.095,-0.45999999999999996,0.005,2023-04-06,AAPL
111,-504.5,162.5,165.0,0.005,-2.095,-0.45999999999999996,0.005,2023-04-14,AAPL
243,-504.5,162.5,165.0,0.005,-2.095,-0.45999999999999996,0.005,2023-04-28,AAPL
177,-504.5,162.5,165.0,0.005,-2.095,-0.45999999999999996,0.005,2023-04-21,AAPL
0,-502.4999999999999,150.0,152.5,12.175,-14.7,-0.005,0.005,2023-04-06,AAPL
198,-502.4999999999999,150.0,152.5,12.175,-14.7,-0.005,0.005,2023-04-28,AAPL
66,-502.4999999999999,150.0,152.5,12.175,-14.7,-0.005,0.005,2023-04-14,AAPL
132,-502.4999999999999,150.0,152.5,12.175,-14.7,-0.005,0.005,2023-04-21,AAPL
343,-498.00000000000006,104.0,107.0,2.27,-4.25,-0.005,0.005,2023-04-14,GOOGL
409,-498.00000000000006,104.0,107.0,2.27,-4.25,-0.005,0.005,2023-04-21,GOOGL
475,-498.00000000000006,104.0,107.0,2.27,-4.25,-0.005,0.005,2023-04-28,GOOGL
277,-498.00000000000006,104.0,107.0,2.27,-4.25,-0.005,0.005,2023-04-06,GOOGL
369,-496.0,107.0,109.0,0.005,-2.27,-0.7,0.005,2023-04-14,GOOGL
501,-496.0,107.0,109.0,0.005,-2.27,-0.7,0.005,2023-04-28,GOOGL
303,-496.0,107.0,109.0,0.005,-2.27,-0.7,0.005,2023-04-06,GOOGL
435,-496.0,107.0,109.0,0.005,-2.27,-0.7,0.005,2023-04-21,GOOGL
170,-483.0,160.0,162.5,2.095,-4.425000000000001,-0.005,0.005,2023-04-21,AAPL
38,-483.0,160.0,162.5,2.095,-4.425000000000001,-0.005,0.005,2023-04-06,AAPL
236,-483.0,160.0,162.5,2.095,-4.425000000000001,-0.005,0.005,2023-04-28,AAPL
104,-483.0,160.0,162.5,2.095,-4.425000000000001,-0.005,0.005,2023-04-14,AAPL
188,-473.00000000000006,167.5,170.0,0.005,-0.005,-5.7,3.4699999999999998,2023-04-21,AAPL
56,-473.00000000000006,167.5,170.0,0.005,-0.005,-5.7,3.4699999999999998,2023-04-06,AAPL
122,-473.00000000000006,167.5,170.0,0.005,-0.005,-5.7,3.4699999999999998,2023-04-14,AAPL
254,-473.00000000000006,167.5,170.0,0.005,-0.005,-5.7,3.4699999999999998,2023-04-28,AAPL
131,-467.4999999999999,175.0,177.5,0.005,-0.005,-12.6,10.425,2023-04-14,AAPL
263,-467.4999999999999,175.0,177.5,0.005,-0.005,-12.6,10.425,2023-04-28,AAPL
197,-467.4999999999999,175.0,177.5,0.005,-0.005,-12.6,10.425,2023-04-21,AAPL
65,-467.4999999999999,175.0,177.5,0.005,-0.005,-12.6,10.425,2023-04-06,AAPL
11,-465.0000000000002,152.5,155.0,10.024999999999999,-12.175,-0.005,0.005,2023-04-06,AAPL
77,-465.0000000000002,152.5,155.0,10.024999999999999,-12.175,-0.005,0.005,2023-04-14,AAPL
143,-465.0000000000002,152.5,155.0,10.024999999999999,-12.175,-0.005,0.005,2023-04-21,AAPL
209,-465.0000000000002,152.5,155.0,10.024999999999999,-12.175,-0.005,0.005,2023-04-28,AAPL
258,-430.0,170.0,172.5,0.005,-0.005,-7.5,5.7,2023-04-28,AAPL
126,-430.0,170.0,172.5,0.005,-0.005,-7.5,5.7,2023-04-14,AAPL
192,-430.0,170.0,172.5,0.005,-0.005,-7.5,5.7,2023-04-21,AAPL
60,-430.0,170.0,172.5,0.005,-0.005,-7.5,5.7,2023-04-06,AAPL
328,-428.9999999999999,112.0,114.0,0.005,-0.005,-5.55,3.2600000000000002,2023-04-06,GOOGL
460,-428.9999999999999,112.0,114.0,0.005,-0.005,-5.55,3.2600000000000002,2023-04-21,GOOGL
394,-428.9999999999999,112.0,114.0,0.005,-0.005,-5.55,3.2600000000000002,2023-04-14,GOOGL
526,-428.9999999999999,112.0,114.0,0.005,-0.005,-5.55,3.2600000000000002,2023-04-28,GOOGL
265,-424.49999999999994,103.0,105.0,3.555,-5.8,-0.005,0.005,2023-04-06,GOOGL
463,-424.49999999999994,103.0,105.0,3.555,-5.8,-0.005,0.005,2023-04-28,GOOGL
397,-424.49999999999994,103.0,105.0,3.555,-5.8,-0.005,0.005,2023-04-21,GOOGL
331,-424.49999999999994,103.0,105.0,3.555,-5.8,-0.005,0.005,2023-04-14,GOOGL
442,-423.00000000000006,108.0,110.0,0.005,-0.54,-1.7000000000000002,0.005,2023-04-21,GOOGL
508,-423.00000000000006,108.0,110.0,0.005,-0.54,-1.7000000000000002,0.005,2023-04-28,GOOGL
376,-423.00000000000006,108.0,110.0,0.005,-0.54,-1.7000000000000002,0.005,2023-04-14,GOOGL
310,-423.00000000000006,108.0,110.0,0.005,-0.54,-1.7000000000000002,0.005,2023-04-06,GOOGL
448,-420.0,109.0,111.0,0.005,-0.005,-2.9000000000000004,0.7,2023-04-21,GOOGL
514,-420.0,109.0,111.0,0.005,-0.005,-2.9000000000000004,0.7,2023-04-28,GOOGL
316,-420.0,109.0,111.0,0.005,-0.005,-2.9000000000000004,0.7,2023-04-06,GOOGL
382,-420.0,109.0,111.0,0.005,-0.005,-2.9000000000000004,0.7,2023-04-14,GOOGL
655,-404.5,105.0,107.0,0.005,-0.005,-4.975,2.9299999999999997,2023-04-14,AMZN
589,-404.5,105.0,107.0,0.005,-0.005,-4.975,2.9299999999999997,2023-04-06,AMZN
721,-404.5,105.0,107.0,0.005,-0.005,-4.975,2.9299999999999997,2023-04-21,AMZN
787,-404.5,105.0,107.0,0.005,-0.005,-4.975,2.9299999999999997,2023-04-28,AMZN
738,-402.50000000000006,98.0,100.0,2.05,-4.075,-0.005,0.005,2023-04-28,AMZN
790,-402.50000000000006,106.0,108.0,0.005,-0.005,-5.975,3.9499999999999997,2023-04-28,AMZN
1051,-402.50000000000006,95.0,97.0,0.005,-0.005,-4.550000000000001,2.5250000000000004,2023-04-28,AMD
919,-402.50000000000006,95.0,97.0,0.005,-0.005,-4.550000000000001,2.5250000000000004,2023-04-14,AMD
955,-402.50000000000006,90.0,92.0,0.45,-2.475,-0.005,0.005,2023-04-21,AMD
606,-402.50000000000006,98.0,100.0,2.05,-4.075,-0.005,0.005,2023-04-14,AMZN
853,-402.50000000000006,95.0,97.0,0.005,-0.005,-4.550000000000001,2.5250000000000004,2023-04-06,AMD
889,-402.50000000000006,90.0,92.0,0.45,-2.475,-0.005,0.005,2023-04-14,AMD
1021,-402.50000000000006,90.0,92.0,0.45,-2.475,-0.005,0.005,2023-04-28,AMD
592,-402.50000000000006,106.0,108.0,0.005,-0.005,-5.975,3.9499999999999997,2023-04-06,AMZN
540,-402.50000000000006,98.0,100.0,2.05,-4.075,-0.005,0.005,2023-04-06,AMZN
672,-402.50000000000006,98.0,100.0,2.05,-4.075,-0.005,0.005,2023-04-21,AMZN
985,-402.50000000000006,95.0,97.0,0.005,-0.005,-4.550000000000001,2.5250000000000004,2023-04-21,AMD
724,-402.50000000000006,106.0,108.0,0.005,-0.005,-5.975,3.9499999999999997,2023-04-21,AMZN
658,-402.50000000000006,106.0,108.0,0.005,-0.005,-5.975,3.9499999999999997,2023-04-14,AMZN
823,-402.50000000000006,90.0,92.0,0.45,-2.475,-0.005,0.005,2023-04-06,AMD
585,-401.99999999999994,104.0,106.0,0.005,-0.005,-3.9499999999999997,1.9300000000000002,2023-04-06,AMZN
651,-401.99999999999994,104.0,106.0,0.005,-0.005,-3.9499999999999997,1.9300000000000002,2023-04-14,AMZN
717,-401.99999999999994,104.0,106.0,0.005,-0.005,-3.9499999999999997,1.9300000000000002,2023-04-21,AMZN
783,-401.99999999999994,104.0,106.0,0.005,-0.005,-3.9499999999999997,1.9300000000000002,2023-04-28,AMZN
849,-401.49999999999994,94.0,96.0,0.005,-0.005,-3.55,1.535,2023-04-06,AMD
981,-401.49999999999994,94.0,96.0,0.005,-0.005,-3.55,1.535,2023-04-21,AMD
1047,-401.49999999999994,94.0,96.0,0.005,-0.005,-3.55,1.535,2023-04-28,AMD
915,-401.49999999999994,94.0,96.0,0.005,-0.005,-3.55,1.535,2023-04-14,AMD
550,-401.0,99.0,101.0,1.0050000000000001,-3.015,-0.005,0.005,2023-04-06,AMZN
616,-401.0,99.0,101.0,1.0050000000000001,-3.015,-0.005,0.005,2023-04-14,AMZN
661,-401.0,97.0,99.0,3.015,-5.025,-0.005,0.005,2023-04-21,AMZN
595,-401.0,97.0,99.0,3.015,-5.025,-0.005,0.005,2023-04-14,AMZN
748,-401.0,99.0,101.0,1.0050000000000001,-3.015,-0.005,0.005,2023-04-28,AMZN
529,-401.0,97.0,99.0,3.015,-5.025,-0.005,0.005,2023-04-06,AMZN
727,-401.0,97.0,99.0,3.015,-5.025,-0.005,0.005,2023-04-28,AMZN
682,-401.0,99.0,101.0,1.0050000000000001,-3.015,-0.005,0.005,2023-04-21,AMZN
844,-400.50000000000006,93.0,95.0,0.005,-0.005,-2.5250000000000004,0.52,2023-04-06,AMD
910,-400.50000000000006,93.0,95.0,0.005,-0.005,-2.5250000000000004,0.52,2023-04-14,AMD
976,-400.50000000000006,93.0,95.0,0.005,-0.005,-2.5250000000000004,0.52,2023-04-21,AMD
1042,-400.50000000000006,93.0,95.0,0.005,-0.005,-2.5250000000000004,0.52,2023-04-28,AMD
757,-400.5,100.0,102.0,0.09,-2.05,-0.049999999999999996,0.005,2023-04-28,AMZN
559,-400.5,100.0,102.0,0.09,-2.05,-0.049999999999999996,0.005,2023-04-06,AMZN
625,-400.5,100.0,102.0,0.09,-2.05,-0.049999999999999996,0.005,2023-04-14,AMZN
691,-400.5,100.0,102.0,0.09,-2.05,-0.049999999999999996,0.005,2023-04-21,AMZN
856,-400.0000000000001,96.0,98.0,0.005,-0.005,-5.550000000000001,3.55,2023-04-06,AMD
922,-400.0000000000001,96.0,98.0,0.005,-0.005,-5.550000000000001,3.55,2023-04-14,AMD
988,-400.0000000000001,96.0,98.0,0.005,-0.005,-5.550000000000001,3.55,2023-04-21,AMD
1054,-400.0000000000001,96.0,98.0,0.005,-0.005,-5.550000000000001,3.55,2023-04-28,AMD
991,-399.99999999999994,87.0,89.0,3.475,-5.475,-0.005,0.005,2023-04-28,AMD
936,-399.99999999999994,88.0,90.0,2.475,-4.475,-0.005,0.005,2023-04-21,AMD
925,-399.99999999999994,87.0,89.0,3.475,-5.475,-0.005,0.005,2023-04-21,AMD
870,-399.99999999999994,88.0,90.0,2.475,-4.475,-0.005,0.005,2023-04-14,AMD
793,-399.99999999999994,87.0,89.0,3.475,-5.475,-0.005,0.005,2023-04-06,AMD
859,-399.99999999999994,87.0,89.0,3.475,-5.475,-0.005,0.005,2023-04-14,AMD
1002,-399.99999999999994,88.0,90.0,2.475,-4.475,-0.005,0.005,2023-04-28,AMD
804,-399.99999999999994,88.0,90.0,2.475,-4.475,-0.005,0.005,2023-04-06,AMD
963,-399.5,91.0,93.0,0.005,-1.4849999999999999,-0.52,0.005,2023-04-21,AMD
897,-399.5,91.0,93.0,0.005,-1.4849999999999999,-0.52,0.005,2023-04-14,AMD
1029,-399.5,91.0,93.0,0.005,-1.4849999999999999,-0.52,0.005,2023-04-28,AMD
831,-399.5,91.0,93.0,0.005,-1.4849999999999999,-0.52,0.005,2023-04-06,AMD
580,-399.49999999999994,103.0,105.0,0.005,-0.005,-2.9299999999999997,0.935,2023-04-06,AMZN
712,-399.49999999999994,103.0,105.0,0.005,-0.005,-2.9299999999999997,0.935,2023-04-21,AMZN
778,-399.49999999999994,103.0,105.0,0.005,-0.005,-2.9299999999999997,0.935,2023-04-28,AMZN
646,-399.49999999999994,103.0,105.0,0.005,-0.005,-2.9299999999999997,0.935,2023-04-14,AMZN
814,-399.0,89.0,91.0,1.4849999999999999,-3.475,-0.005,0.005,2023-04-06,AMD
946,-399.0,89.0,91.0,1.4849999999999999,-3.475,-0.005,0.005,2023-04-21,AMD
1012,-399.0,89.0,91.0,1.4849999999999999,-3.475,-0.005,0.005,2023-04-28,AMD
880,-399.0,89.0,91.0,1.4849999999999999,-3.475,-0.005,0.005,2023-04-14,AMD
904,-397.5,92.0,94.0,0.005,-0.45,-1.535,0.005,2023-04-14,AMD
838,-397.5,92.0,94.0,0.005,-0.45,-1.535,0.005,2023-04-06,AMD
1036,-397.5,92.0,94.0,0.005,-0.45,-1.535,0.005,2023-04-28,AMD
970,-397.5,92.0,94.0,0.005,-0.45,-1.535,0.005,2023-04-21,AMD
427,-397.49999999999994,106.0,108.0,0.54,-2.5149999999999997,-0.005,0.005,2023-04-21,GOOGL
361,-397.49999999999994,106.0,108.0,0.54,-2.5149999999999997,-0.005,0.005,2023-04-14,GOOGL
295,-397.49999999999994,106.0,108.0,0.54,-2.5149999999999997,-0.005,0.005,2023-04-06,GOOGL
493,-397.49999999999994,106.0,108.0,0.54,-2.5149999999999997,-0.005,0.005,2023-04-28,GOOGL
706,-396.5,102.0,104.0,0.005,-0.09,-1.9300000000000002,0.049999999999999996,2023-04-21,AMZN
640,-396.5,102.0,104.0,0.005,-0.09,-1.9300000000000002,0.049999999999999996,2023-04-14,AMZN
574,-396.5,102.0,104.0,0.005,-0.09,-1.9300000000000002,0.049999999999999996,2023-04-06,AMZN
772,-396.5,102.0,104.0,0.005,-0.09,-1.9300000000000002,0.049999999999999996,2023-04-28,AMZN
699,-393.00000000000006,101.0,103.0,0.005,-1.0050000000000001,-0.935,0.005,2023-04-21,AMZN
633,-393.00000000000006,101.0,103.0,0.005,-1.0050000000000001,-0.935,0.005,2023-04-14,AMZN
765,-393.00000000000006,101.0,103.0,0.005,-1.0050000000000001,-0.935,0.005,2023-04-28,AMZN
567,-393.00000000000006,101.0,103.0,0.005,-1.0050000000000001,-0.935,0.005,2023-04-06,AMZN
408,-373.50000000000006,104.0,106.0,2.5149999999999997,-4.25,-0.005,0.005,2023-04-21,GOOGL
342,-373.50000000000006,104.0,106.0,2.5149999999999997,-4.25,-0.005,0.005,2023-04-14,GOOGL
276,-373.50000000000006,104.0,106.0,2.5149999999999997,-4.25,-0.005,0.005,2023-04-06,GOOGL
474,-373.50000000000006,104.0,106.0,2.5149999999999997,-4.25,-0.005,0.005,2023-04-28,GOOGL
453,-356.0,110.0,112.0,0.005,-0.005,-3.2600000000000002,1.7000000000000002,2023-04-21,GOOGL
519,-356.0,110.0,112.0,0.005,-0.005,-3.2600000000000002,1.7000000000000002,2023-04-28,GOOGL
321,-356.0,110.0,112.0,0.005,-0.005,-3.2600000000000002,1.7000000000000002,2023-04-06,GOOGL
387,-356.0,110.0,112.0,0.005,-0.005,-3.2600000000000002,1.7000000000000002,2023-04-14,GOOGL
523,-330.99999999999994,111.0,113.0,0.005,-0.005,-4.21,2.9000000000000004,2023-04-28,GOOGL
457,-330.99999999999994,111.0,113.0,0.005,-0.005,-4.21,2.9000000000000004,2023-04-21,GOOGL
325,-330.99999999999994,111.0,113.0,0.005,-0.005,-4.21,2.9000000000000004,2023-04-06,GOOGL
391,-330.99999999999994,111.0,113.0,0.005,-0.005,-4.21,2.9000000000000004,2023-04-14,GOOGL
418,-328.5,105.0,107.0,2.27,-3.555,-0.005,0.005,2023-04-21,GOOGL
484,-328.5,105.0,107.0,2.27,-3.555,-0.005,0.005,2023-04-28,GOOGL
352,-328.5,105.0,107.0,2.27,-3.555,-0.005,0.005,2023-04-14,GOOGL
286,-328.5,105.0,107.0,2.27,-3.555,-0.005,0.005,2023-04-06,GOOGL
434,-273.0,107.0,108.0,0.54,-2.27,-0.005,0.005,2023-04-21,GOOGL
302,-273.0,107.0,108.0,0.54,-2.27,-0.005,0.005,2023-04-06,GOOGL
368,-273.0,107.0,108.0,0.54,-2.27,-0.005,0.005,2023-04-14,GOOGL
500,-273.0,107.0,108.0,0.54,-2.27,-0.005,0.005,2023-04-28,GOOGL
330,-254.99999999999997,103.0,104.0,4.25,-5.8,-0.005,0.005,2023-04-14,GOOGL
462,-254.99999999999997,103.0,104.0,4.25,-5.8,-0.005,0.005,2023-04-28,GOOGL
396,-254.99999999999997,103.0,104.0,4.25,-5.8,-0.005,0.005,2023-04-21,GOOGL
264,-254.99999999999997,103.0,104.0,4.25,-5.8,-0.005,0.005,2023-04-06,GOOGL
527,-234.0,113.0,114.0,0.005,-0.005,-5.55,4.21,2023-04-28,GOOGL
461,-234.0,113.0,114.0,0.005,-0.005,-5.55,4.21,2023-04-21,GOOGL
395,-234.0,113.0,114.0,0.005,-0.005,-5.55,4.21,2023-04-14,GOOGL
329,-234.0,113.0,114.0,0.005,-0.005,-5.55,4.21,2023-04-06,GOOGL
507,-223.0,108.0,109.0,0.005,-0.54,-0.7,0.005,2023-04-28,GOOGL
441,-223.0,108.0,109.0,0.005,-0.54,-0.7,0.005,2023-04-21,GOOGL
375,-223.0,108.0,109.0,0.005,-0.54,-0.7,0.005,2023-04-14,GOOGL
309,-223.0,108.0,109.0,0.005,-0.54,-0.7,0.005,2023-04-06,GOOGL
386,-220.00000000000003,110.0,111.0,0.005,-0.005,-2.9000000000000004,1.7000000000000002,2023-04-14,GOOGL
518,-220.00000000000003,110.0,111.0,0.005,-0.005,-2.9000000000000004,1.7000000000000002,2023-04-28,GOOGL
452,-220.00000000000003,110.0,111.0,0.005,-0.005,-2.9000000000000004,1.7000000000000002,2023-04-21,GOOGL
320,-220.00000000000003,110.0,111.0,0.005,-0.005,-2.9000000000000004,1.7000000000000002,2023-04-06,GOOGL
539,-206.0,98.0,99.0,3.015,-4.075,-0.005,0.005,2023-04-06,AMZN
737,-206.0,98.0,99.0,3.015,-4.075,-0.005,0.005,2023-04-28,AMZN
671,-206.0,98.0,99.0,3.015,-4.075,-0.005,0.005,2023-04-21,AMZN
605,-206.0,98.0,99.0,3.015,-4.075,-0.005,0.005,2023-04-14,AMZN
558,-204.5,100.0,101.0,1.0050000000000001,-2.05,-0.005,0.005,2023-04-06,AMZN
690,-204.5,100.0,101.0,1.0050000000000001,-2.05,-0.005,0.005,2023-04-21,AMZN
624,-204.5,100.0,101.0,1.0050000000000001,-2.05,-0.005,0.005,2023-04-14,AMZN
756,-204.5,100.0,101.0,1.0050000000000001,-2.05,-0.005,0.005,2023-04-28,AMZN
285,-204.00000000000006,105.0,106.0,2.5149999999999997,-3.555,-0.005,0.005,2023-04-06,GOOGL
417,-204.00000000000006,105.0,106.0,2.5149999999999997,-3.555,-0.005,0.005,2023-04-21,GOOGL
483,-204.00000000000006,105.0,106.0,2.5149999999999997,-3.555,-0.005,0.005,2023-04-28,GOOGL
351,-204.00000000000006,105.0,106.0,2.5149999999999997,-3.555,-0.005,0.005,2023-04-14,GOOGL
896,-203.5,91.0,92.0,0.45,-1.4849999999999999,-0.005,0.005,2023-04-14,AMD
962,-203.5,91.0,92.0,0.45,-1.4849999999999999,-0.005,0.005,2023-04-21,AMD
830,-203.5,91.0,92.0,0.45,-1.4849999999999999,-0.005,0.005,2023-04-06,AMD
1028,-203.5,91.0,92.0,0.45,-1.4849999999999999,-0.005,0.005,2023-04-28,AMD
591,-202.5,106.0,107.0,0.005,-0.005,-4.975,3.9499999999999997,2023-04-06,AMZN
657,-202.5,106.0,107.0,0.005,-0.005,-4.975,3.9499999999999997,2023-04-14,AMZN
789,-202.5,106.0,107.0,0.005,-0.005,-4.975,3.9499999999999997,2023-04-28,AMZN
723,-202.5,106.0,107.0,0.005,-0.005,-4.975,3.9499999999999997,2023-04-21,AMZN
852,-202.49999999999994,95.0,96.0,0.005,-0.005,-3.55,2.5250000000000004,2023-04-06,AMD
1050,-202.49999999999994,95.0,96.0,0.005,-0.005,-3.55,2.5250000000000004,2023-04-28,AMD
918,-202.49999999999994,95.0,96.0,0.005,-0.005,-3.55,2.5250000000000004,2023-04-14,AMD
984,-202.49999999999994,95.0,96.0,0.005,-0.005,-3.55,2.5250000000000004,2023-04-21,AMD
786,-202.0,105.0,106.0,0.005,-0.005,-3.9499999999999997,2.9299999999999997,2023-04-28,AMZN
720,-202.0,105.0,106.0,0.005,-0.005,-3.9499999999999997,2.9299999999999997,2023-04-21,AMZN
588,-202.0,105.0,106.0,0.005,-0.005,-3.9499999999999997,2.9299999999999997,2023-04-06,AMZN
654,-202.0,105.0,106.0,0.005,-0.005,-3.9499999999999997,2.9299999999999997,2023-04-14,AMZN
1041,-201.49999999999997,93.0,94.0,0.005,-0.005,-1.535,0.52,2023-04-28,AMD
975,-201.49999999999997,93.0,94.0,0.005,-0.005,-1.535,0.52,2023-04-21,AMD
843,-201.49999999999997,93.0,94.0,0.005,-0.005,-1.535,0.52,2023-04-06,AMD
909,-201.49999999999997,93.0,94.0,0.005,-0.005,-1.535,0.52,2023-04-14,AMD
987,-200.00000000000009,96.0,97.0,0.005,-0.005,-4.550000000000001,3.55,2023-04-21,AMD
921,-200.00000000000009,96.0,97.0,0.005,-0.005,-4.550000000000001,3.55,2023-04-14,AMD
1053,-200.00000000000009,96.0,97.0,0.005,-0.005,-4.550000000000001,3.55,2023-04-28,AMD
855,-200.00000000000009,96.0,97.0,0.005,-0.005,-4.550000000000001,3.55,2023-04-06,AMD
990,-200.0,87.0,88.0,4.475,-5.475,-0.005,0.005,2023-04-28,AMD
924,-200.0,87.0,88.0,4.475,-5.475,-0.005,0.005,2023-04-21,AMD
513,-200.0,109.0,110.0,0.005,-0.005,-1.7000000000000002,0.7,2023-04-28,GOOGL
1011,-200.0,89.0,90.0,2.475,-3.475,-0.005,0.005,2023-04-28,AMD
593,-200.0,107.0,108.0,0.005,-0.005,-5.975,4.975,2023-04-06,AMZN
381,-200.0,109.0,110.0,0.005,-0.005,-1.7000000000000002,0.7,2023-04-14,GOOGL
447,-200.0,109.0,110.0,0.005,-0.005,-1.7000000000000002,0.7,2023-04-21,GOOGL
315,-200.0,109.0,110.0,0.005,-0.005,-1.7000000000000002,0.7,2023-04-06,GOOGL
923,-200.0,97.0,98.0,0.005,-0.005,-5.550000000000001,4.550000000000001,2023-04-14,AMD
1055,-200.0,97.0,98.0,0.005,-0.005,-5.550000000000001,4.550000000000001,2023-04-28,AMD
659,-200.0,107.0,108.0,0.005,-0.005,-5.975,4.975,2023-04-14,AMZN
791,-200.0,107.0,108.0,0.005,-0.005,-5.975,4.975,2023-04-28,AMZN
813,-200.0,89.0,90.0,2.475,-3.475,-0.005,0.005,2023-04-06,AMD
989,-200.0,97.0,98.0,0.005,-0.005,-5.550000000000001,4.550000000000001,2023-04-21,AMD
857,-200.0,97.0,98.0,0.005,-0.005,-5.550000000000001,4.550000000000001,2023-04-06,AMD
945,-200.0,89.0,90.0,2.475,-3.475,-0.005,0.005,2023-04-21,AMD
858,-200.0,87.0,88.0,4.475,-5.475,-0.005,0.005,2023-04-14,AMD
725,-200.0,107.0,108.0,0.005,-0.005,-5.975,4.975,2023-04-21,AMZN
792,-200.0,87.0,88.0,4.475,-5.475,-0.005,0.005,2023-04-06,AMD
879,-200.0,89.0,90.0,2.475,-3.475,-0.005,0.005,2023-04-14,AMD
782,-199.99999999999994,104.0,105.0,0.005,-0.005,-2.9299999999999997,1.9300000000000002,2023-04-28,AMZN
869,-199.99999999999994,88.0,89.0,3.475,-4.475,-0.005,0.005,2023-04-14,AMD
716,-199.99999999999994,104.0,105.0,0.005,-0.005,-2.9299999999999997,1.9300000000000002,2023-04-21,AMZN
803,-199.99999999999994,88.0,89.0,3.475,-4.475,-0.005,0.005,2023-04-06,AMD
650,-199.99999999999994,104.0,105.0,0.005,-0.005,-2.9299999999999997,1.9300000000000002,2023-04-14,AMZN
584,-199.99999999999994,104.0,105.0,0.005,-0.005,-2.9299999999999997,1.9300000000000002,2023-04-06,AMZN
1001,-199.99999999999994,88.0,89.0,3.475,-4.475,-0.005,0.005,2023-04-28,AMD
935,-199.99999999999994,88.0,89.0,3.475,-4.475,-0.005,0.005,2023-04-21,AMD
777,-199.5,103.0,104.0,0.005,-0.005,-1.9300000000000002,0.935,2023-04-28,AMZN
645,-199.5,103.0,104.0,0.005,-0.005,-1.9300000000000002,0.935,2023-04-14,AMZN
579,-199.5,103.0,104.0,0.005,-0.005,-1.9300000000000002,0.935,2023-04-06,AMZN
711,-199.5,103.0,104.0,0.005,-0.005,-1.9300000000000002,0.935,2023-04-21,AMZN
914,-199.00000000000006,94.0,95.0,0.005,-0.005,-2.5250000000000004,1.535,2023-04-14,AMD
980,-199.00000000000006,94.0,95.0,0.005,-0.005,-2.5250000000000004,1.535,2023-04-21,AMD
848,-199.00000000000006,94.0,95.0,0.005,-0.005,-2.5250000000000004,1.535,2023-04-06,AMD
1046,-199.00000000000006,94.0,95.0,0.005,-0.005,-2.5250000000000004,1.535,2023-04-28,AMD
888,-199.00000000000003,90.0,91.0,1.4849999999999999,-2.475,-0.005,0.005,2023-04-14,AMD
822,-199.00000000000003,90.0,91.0,1.4849999999999999,-2.475,-0.005,0.005,2023-04-06,AMD
954,-199.00000000000003,90.0,91.0,1.4849999999999999,-2.475,-0.005,0.005,2023-04-21,AMD
1020,-199.00000000000003,90.0,91.0,1.4849999999999999,-2.475,-0.005,0.005,2023-04-28,AMD
705,-197.0,102.0,103.0,0.005,-0.09,-0.935,0.049999999999999996,2023-04-21,AMZN
771,-197.0,102.0,103.0,0.005,-0.09,-0.935,0.049999999999999996,2023-04-28,AMZN
573,-197.0,102.0,103.0,0.005,-0.09,-0.935,0.049999999999999996,2023-04-06,AMZN
639,-197.0,102.0,103.0,0.005,-0.09,-0.935,0.049999999999999996,2023-04-14,AMZN
747,-196.50000000000003,99.0,100.0,2.05,-3.015,-0.005,0.005,2023-04-28,AMZN
615,-196.50000000000003,99.0,100.0,2.05,-3.015,-0.005,0.005,2023-04-14,AMZN
681,-196.50000000000003,99.0,100.0,2.05,-3.015,-0.005,0.005,2023-04-21,AMZN
549,-196.50000000000003,99.0,100.0,2.05,-3.015,-0.005,0.005,2023-04-06,AMZN
632,-196.00000000000003,101.0,102.0,0.09,-1.0050000000000001,-0.049999999999999996,0.005,2023-04-14,AMZN
698,-196.00000000000003,101.0,102.0,0.09,-1.0050000000000001,-0.049999999999999996,0.005,2023-04-21,AMZN
566,-196.00000000000003,101.0,102.0,0.09,-1.0050000000000001,-0.049999999999999996,0.005,2023-04-06,AMZN
764,-196.00000000000003,101.0,102.0,0.09,-1.0050000000000001,-0.049999999999999996,0.005,2023-04-28,AMZN
903,-196.0,92.0,93.0,0.005,-0.45,-0.52,0.005,2023-04-14,AMD
1035,-196.0,92.0,93.0,0.005,-0.45,-0.52,0.005,2023-04-28,AMD
837,-196.0,92.0,93.0,0.005,-0.45,-0.52,0.005,2023-04-06,AMD
969,-196.0,92.0,93.0,0.005,-0.45,-0.52,0.005,2023-04-21,AMD
660,-195.00000000000003,97.0,98.0,4.075,-5.025,-0.005,0.005,2023-04-21,AMZN
594,-195.00000000000003,97.0,98.0,4.075,-5.025,-0.005,0.005,2023-04-14,AMZN
528,-195.00000000000003,97.0,98.0,4.075,-5.025,-0.005,0.005,2023-04-06,AMZN
726,-195.00000000000003,97.0,98.0,4.075,-5.025,-0.005,0.005,2023-04-28,AMZN
525,-194.99999999999997,112.0,113.0,0.005,-0.005,-4.21,3.2600000000000002,2023-04-28,GOOGL
327,-194.99999999999997,112.0,113.0,0.005,-0.005,-4.21,3.2600000000000002,2023-04-06,GOOGL
459,-194.99999999999997,112.0,113.0,0.005,-0.005,-4.21,3.2600000000000002,2023-04-21,GOOGL
393,-194.99999999999997,112.0,113.0,0.005,-0.005,-4.21,3.2600000000000002,2023-04-14,GOOGL
341,-169.49999999999997,104.0,105.0,3.555,-4.25,-0.005,0.005,2023-04-14,GOOGL
473,-169.49999999999997,104.0,105.0,3.555,-4.25,-0.005,0.005,2023-04-28,GOOGL
275,-169.49999999999997,104.0,105.0,3.555,-4.25,-0.005,0.005,2023-04-06,GOOGL
407,-169.49999999999997,104.0,105.0,3.555,-4.25,-0.005,0.005,2023-04-21,GOOGL
522,-136.0,111.0,112.0,0.005,-0.005,-3.2600000000000002,2.9000000000000004,2023-04-28,GOOGL
324,-136.0,111.0,112.0,0.005,-0.005,-3.2600000000000002,2.9000000000000004,2023-04-06,GOOGL
390,-136.0,111.0,112.0,0.005,-0.005,-3.2600000000000002,2.9000000000000004,2023-04-14,GOOGL
456,-136.0,111.0,112.0,0.005,-0.005,-3.2600000000000002,2.9000000000000004,2023-04-21,GOOGL
360,-124.49999999999997,106.0,107.0,2.27,-2.5149999999999997,-0.005,0.005,2023-04-14,GOOGL
492,-124.49999999999997,106.0,107.0,2.27,-2.5149999999999997,-0.005,0.005,2023-04-28,GOOGL
294,-124.49999999999997,106.0,107.0,2.27,-2.5149999999999997,-0.005,0.005,2023-04-06,GOOGL
426,-124.49999999999997,106.0,107.0,2.27,-2.5149999999999997,-0.005,0.005,2023-04-21,GOOGL
